source,date,new_cases,deaths,0-4,5-9,10-14,15-19,20-24,25-29,30-34,35-39,40-44,45-49,50-54,55-59,60-64,65-69,70-74,75-79,80-84,85-89,90-94,95-99
https://coronavirus.bg/bg/news/2893,17-11-2021,3869,121,0,0,0,0,0,0,0,0,4,3,10,3,13,10,21,23,18,15,1,0
https://coronavirus.bg/bg/news/2883,16-11-2021,3223,276,0,0,0,0,0,0,2,4,7,7,6,18,25,42,59,44,34,24,3,1
https://coronavirus.bg/bg/news/2879,15-11-2021,828,88,0,0,0,0,0,0,0,2,2,0,5,7,11,12,14,14,11,6,4,0
https://coronavirus.bg/bg/news/2877,14-11-2021,3146,66,0,0,0,0,0,0,0,0,3,2,3,1,5,5,15,12,12,6,2,0
https://coronavirus.bg/bg/news/2874,13-11-2021,3146,176,0,0,0,0,0,0,0,1,4,2,4,10,20,26,38,25,27,14,5,0
https://coronavirus.bg/bg/news/2864,12-11-2021,3207,197,0,0,0,0,0,0,1,2,4,7,8,11,14,15,45,37,31,17,4,1
https://coronavirus.bg/bg/news/2854,11-11-2021,3853,199,0,0,0,0,0,1,0,2,1,2,9,11,16,16,44,39,28,23,7,0
https://coronavirus.bg/bg/news/2846,10-11-2021,4955,147,0,0,1,0,0,1,1,1,6,6,2,9,10,18,35,28,14,15,0,0
https://coronavirus.bg/bg/news/2839,09-11-2021,5286,332,0,0,0,0,1,1,1,5,2,11,20,10,27,48,74,59,46,20,7,0
https://coronavirus.bg/bg/news/2832,08-11-2021,1256,67,0,0,0,0,0,0,1,0,1,1,2,2,4,13,14,18,6,3,2,0
https://coronavirus.bg/bg/news/2827,07-11-2021,2826,65,0,0,0,0,0,0,0,0,0,2,3,9,7,12,6,13,9,2,2,0
https://coronavirus.bg/bg/news/2821,06-11-2021,4734,185,0,0,0,0,1,2,0,1,3,3,5,5,7,33,41,44,22,14,4,0
https://coronavirus.bg/bg/news/2815,05-11-2021,4662,166,0,0,0,0,0,1,1,1,0,2,6,7,14,25,31,30,23,20,4,1
https://coronavirus.bg/bg/news/2805,04-11-2021,4922,135,0,0,0,0,0,0,0,2,4,3,9,13,14,12,19,20,19,16,4,0
https://coronavirus.bg/bg/news/2800,03-11-2021,5863,145,0,0,0,0,0,0,0,0,0,4,6,9,14,28,20,28,21,12,3,0
https://coronavirus.bg/bg/news/2782,31-10-2021,2836,46,0,0,0,0,0,0,0,0,1,0,2,1,3,14,10,7,6,2,0,0
https://coronavirus.bg/bg/news/2789,02-11-2021,6007,310,0,0,0,0,0,1,3,3,4,8,5,20,29,38,62,58,43,27,8,1
https://coronavirus.bg/bg/news/2784,01-11-2021,1457,81,0,0,0,0,0,0,0,0,3,2,3,3,8,11,14,13,12,8,3,1
https://coronavirus.bg/bg/news/2779,30-10-2021,5256,154,0,0,0,0,0,0,0,1,1,3,6,9,9,19,38,29,18,14,6,1
https://coronavirus.bg/bg/news/2772,29-10-2021,5178,124,0,0,0,0,0,1,1,0,0,3,9,2,9,15,31,29,17,5,1,1
https://coronavirus.bg/bg/news/2766,28-10-2021,5643,154,0,0,0,0,0,0,1,0,2,3,1,10,10,23,35,24,26,14,4,1
https://coronavirus.bg/bg/news/2757,27-10-2021,6816,124,0,0,0,0,0,0,0,0,1,2,3,6,8,15,26,30,20,11,2,0
https://coronavirus.bg/bg/news/2742,26-10-2021,5863,243,0,0,0,0,0,0,0,1,8,5,5,17,25,28,38,46,39,19,11,0
https://coronavirus.bg/bg/news/2730,25-10-2021,1370,40,0,0,0,0,0,0,0,0,0,1,3,2,4,6,9,6,4,2,3,0
https://coronavirus.bg/bg/news/2720,23-10-2021,4826,136,0,0,0,0,0,0,0,0,1,4,3,6,14,23,30,29,12,13,1,0
https://coronavirus.bg/bg/news/2723,24-10-2021,3354,58,0,0,0,0,0,0,1,0,1,1,2,2,6,10,13,8,7,4,3,0
https://coronavirus.bg/bg/news/2709,22-10-2021,4816,120,0,0,0,0,0,0,0,0,1,7,5,9,6,22,22,25,14,8,1,0
https://coronavirus.bg/bg/news/2689,21-10-2021,4522,107,0,0,0,0,0,0,2,3,2,1,6,8,13,10,19,17,14,9,3,0
https://coronavirus.bg/bg/news/2677,20-10-2021,4957,124,0,1,0,0,0,1,0,0,0,1,5,7,11,24,16,19,23,12,4,0
https://coronavirus.bg/bg/news/2665,19-10-2021,4979,214,0,0,0,0,0,0,1,1,3,4,9,13,12,30,44,50,20,20,6,1
https://coronavirus.bg/bg/news/2651,17-10-2021,1867,43,0,0,0,0,0,0,0,0,1,2,0,2,2,3,8,7,6,9,3,0
https://coronavirus.bg/bg/news/2652,18-10-2021,1000,43,0,0,0,0,0,1,1,1,1,0,1,1,2,6,4,11,10,3,1,0
https://coronavirus.bg/bg/news/2649,16-10-2021,3440,85,0,0,0,0,0,0,0,0,3,2,6,3,8,9,15,18,16,3,2,0
https://coronavirus.bg/bg/news/2638,15-10-2021,3183,98,0,0,0,0,0,0,0,0,0,2,1,7,11,11,20,19,15,8,4,0
https://coronavirus.bg/bg/news/2628,13-10-2021,3469,93,1,0,0,0,0,2,1,2,0,0,3,8,6,15,14,20,10,10,0,1
https://coronavirus.bg/bg/news/2632,14-10-2021,3327,98,0,0,0,0,0,0,0,1,2,0,3,3,7,17,17,20,16,8,4,0
https://coronavirus.bg/bg/news/2621,12-10-2021,3471,157,0,0,0,0,2,0,2,3,2,3,3,8,15,21,34,29,17,12,5,0
https://coronavirus.bg/bg/news/2613,11-10-2021,621,40,0,0,0,0,0,0,0,0,0,0,1,5,6,8,7,8,5,0,0,0
https://coronavirus.bg/bg/news/2607,09-10-2021,2485,81,0,0,0,0,0,1,1,0,1,3,3,7,6,14,11,17,11,5,1,0
https://coronavirus.bg/bg/news/2610,10-10-2021,1246,30,0,0,0,0,0,0,0,0,0,0,0,3,1,3,12,4,6,1,0,0
https://coronavirus.bg/bg/news/2599,08-10-2021,2302,94,0,0,0,0,0,0,0,2,1,5,3,3,7,9,16,19,18,8,2,1
https://coronavirus.bg/bg/news/2592,07-10-2021,2542,91,0,0,0,0,0,0,0,1,0,4,3,2,7,11,18,15,17,8,5,0
https://coronavirus.bg/bg/news/2584,06-10-2021,2866,104,0,0,0,0,0,0,0,2,1,0,4,7,8,9,19,22,15,12,5,0
https://coronavirus.bg/bg/news/2573,05-10-2021,2806,178,0,0,1,0,0,0,2,0,5,2,5,13,22,25,40,27,22,11,3,0
https://coronavirus.bg/bg/news/2565,04-10-2021,513,43,0,0,0,0,0,0,0,0,0,0,2,1,5,4,7,12,8,3,0,1
https://coronavirus.bg/bg/news/2563,03-10-2021,1228,26,0,0,0,0,0,0,0,0,0,0,1,1,4,6,6,4,4,0,0,0
https://coronavirus.bg/bg/news/2560,02-10-2021,2091,87,0,0,0,0,1,0,0,3,0,3,4,9,8,15,17,11,11,2,3,0
https://coronavirus.bg/bg/news/2550,01-10-2021,2050,70,0,0,0,0,0,1,0,1,1,2,1,3,6,11,15,16,9,1,3,0
https://coronavirus.bg/bg/news/2543,30-09-2021,2142,87,0,0,0,1,0,0,0,0,0,2,2,4,11,10,11,20,18,7,1,0
https://coronavirus.bg/bg/news/2539,29-09-2021,2573,87,0,0,0,0,0,0,0,1,2,2,6,8,5,14,11,12,15,10,1,0
https://coronavirus.bg/bg/news/2530,28-09-2021,2536,149,0,0,0,0,1,0,1,2,3,1,6,7,16,17,27,29,26,9,3,1
https://coronavirus.bg/bg/news/2521,27-09-2021,496,40,0,0,0,0,0,0,2,0,1,1,1,5,3,2,7,6,4,7,1,0
https://coronavirus.bg/bg/news/2514,24-09-2021,1835,99,0,0,0,0,0,0,0,1,0,4,8,1,11,13,21,14,17,6,3,0
https://coronavirus.bg/bg/news/2520,26-09-2021,1038,26,0,0,0,0,0,0,0,0,0,2,0,7,3,1,2,4,5,2,0,0
https://coronavirus.bg/bg/news/2519,25-09-2021,1904,73,0,0,0,0,0,1,1,0,2,3,2,0,6,8,18,18,7,5,2,0
https://coronavirus.bg/bg/news/2507,23-09-2021,850,27,0,0,0,0,0,0,1,0,1,0,0,0,3,5,6,3,6,1,1,0
https://coronavirus.bg/bg/news/2506,22-09-2021,2192,58,0,0,0,0,0,0,0,0,0,0,3,2,6,5,11,9,10,11,1,0
https://coronavirus.bg/bg/news/2498,21-09-2021,2360,138,0,1,0,0,0,1,2,2,5,5,7,5,13,20,23,29,15,9,0,1
https://coronavirus.bg/bg/news/2491,20-09-2021,458,43,0,0,0,0,0,0,0,0,2,2,0,1,8,3,3,8,4,7,4,1
https://coronavirus.bg/bg/news/2487,19-09-2021,951,30,0,0,0,0,0,0,0,1,0,1,1,3,0,7,4,4,5,4,0,0
https://coronavirus.bg/bg/news/2485,18-09-2021,1892,79,0,0,0,0,2,0,0,0,1,4,0,4,5,12,10,19,9,10,3,0
https://coronavirus.bg/bg/news/2477,17-09-2021,1724,67,0,0,0,0,0,0,0,1,5,2,4,2,6,8,11,17,5,4,2,0
https://coronavirus.bg/bg/news/2468,16-09-2021,1862,65,0,0,0,0,0,0,0,0,2,2,3,3,8,10,18,4,8,5,2,0
https://coronavirus.bg/bg/news/2460,15-09-2021,2029,82,0,0,0,0,1,0,0,0,2,1,5,9,9,12,15,18,4,6,0,0
https://coronavirus.bg/bg/news/2457,14-09-2021,1998,139,0,0,0,1,0,0,0,1,3,1,5,9,14,24,37,25,14,2,3,0
https://coronavirus.bg/bg/news/2440,12-09-2021,909,10,0,0,0,0,0,0,0,0,0,0,0,1,0,1,5,2,0,1,0,0
https://coronavirus.bg/bg/news/2443,13-09-2021,437,53,0,0,0,0,0,0,0,0,0,1,0,4,4,8,13,10,5,4,4,0
https://coronavirus.bg/bg/news/2438,11-09-2021,1626,72,0,0,0,0,0,0,0,1,1,4,4,4,8,7,9,20,6,6,1,1
https://coronavirus.bg/bg/news/2428,10-09-2021,1629,52,0,0,0,0,0,0,0,0,0,0,4,3,6,7,14,3,9,4,2,0
https://coronavirus.bg/bg/news/2418,09-09-2021,1956,65,0,0,0,0,0,0,2,2,1,3,3,7,8,14,7,8,5,4,1,0
https://coronavirus.bg/bg/news/2404,08-09-2021,2005,121,0,0,0,0,0,0,3,0,1,2,8,8,11,22,20,19,18,9,0,0
https://coronavirus.bg/bg/news/2398,07-09-2021,677,33,0,0,0,0,1,0,0,0,0,0,2,1,4,6,7,4,5,3,0,0
https://coronavirus.bg/bg/news/2390,04-09-2021,1640,50,0,0,0,0,0,0,0,0,0,0,2,8,2,7,12,9,4,6,0,0
https://coronavirus.bg/bg/news/2395,06-09-2021,488,32,0,0,0,0,0,0,1,0,0,0,3,4,2,6,8,3,1,3,1,0
https://coronavirus.bg/bg/news/2384,03-09-2021,1564,51,0,0,0,0,0,0,1,1,2,5,3,2,10,5,5,11,4,2,0,0
https://coronavirus.bg/bg/news/2392,05-09-2021,854,32,0,0,0,0,0,0,0,0,0,0,4,0,4,3,9,3,4,4,1,0
https://coronavirus.bg/bg/news/2376,02-09-2021,1745,54,0,0,0,0,0,0,1,3,1,2,1,4,3,6,10,14,3,5,0,1
https://coronavirus.bg/bg/news/2367,01-09-2021,2053,56,0,0,0,0,1,0,1,0,1,2,5,1,8,9,8,6,7,5,0,2
https://coronavirus.bg/bg/news/2360,31-08-2021,2090,109,0,0,0,0,0,0,1,2,0,3,2,9,10,17,30,17,6,7,4,1
https://coronavirus.bg/bg/news/2348,30-08-2021,451,26,0,0,0,0,0,0,0,0,1,0,1,2,3,2,7,4,5,0,1,0
https://coronavirus.bg/bg/news/2344,29-08-2021,1004,15,0,0,0,0,1,0,0,0,0,1,3,1,1,4,0,1,3,0,0,0
https://coronavirus.bg/bg/news/2343,28-08-2021,1713,43,0,0,0,1,0,1,1,0,2,2,1,10,3,1,8,4,5,3,1,0
https://coronavirus.bg/bg/news/2333,27-08-2021,1733,34,0,0,0,0,0,0,0,1,2,0,2,0,3,4,7,6,4,4,0,1
https://coronavirus.bg/bg/news/2325,26-08-2021,1601,48,0,0,0,0,0,0,0,1,2,3,4,2,4,5,12,7,5,3,0,0
https://coronavirus.bg/bg/news/2318,25-08-2021,1911,33,0,0,0,0,0,0,0,0,0,1,2,2,5,3,3,11,2,4,0,0
https://coronavirus.bg/bg/news/2306,24-08-2021,1891,57,0,0,0,0,0,1,0,0,1,3,4,6,6,7,12,6,6,2,3,0
https://coronavirus.bg/bg/news/2298,23-08-2021,384,8,0,0,0,0,0,0,0,0,0,0,0,0,0,1,2,1,1,3,0,0
https://coronavirus.bg/bg/news/2294,22-08-2021,845,8,0,0,0,0,0,0,0,0,1,0,0,1,0,0,4,2,0,0,0,0
https://coronavirus.bg/bg/news/2292,21-08-2021,1368,21,0,0,0,0,0,0,1,0,0,0,2,1,3,1,6,3,2,2,0,0
https://coronavirus.bg/bg/news/2281,20-08-2021,1371,27,0,0,0,0,0,0,0,0,0,0,0,3,7,6,3,3,1,3,0,1
https://coronavirus.bg/bg/news/2273,19-08-2021,1387,16,0,0,0,0,0,0,0,0,0,0,0,0,2,4,4,3,1,2,0,0
https://coronavirus.bg/bg/news/2265,18-08-2021,1405,19,0,0,0,0,0,0,0,0,0,0,2,2,3,2,5,3,1,1,0,0
https://coronavirus.bg/bg/news/2257,17-08-2021,1301,32,0,0,0,0,0,1,0,1,2,0,0,4,3,6,5,3,3,4,0,0
https://coronavirus.bg/bg/news/2252,15-08-2021,623,7,0,0,0,0,0,0,0,0,0,1,0,0,2,1,1,2,0,0,0,0
https://coronavirus.bg/bg/news/2253,16-08-2021,272,5,0,0,0,0,0,0,0,0,1,0,0,0,0,1,0,1,2,0,0,0
https://coronavirus.bg/bg/news/2249,14-08-2021,1047,11,0,0,0,0,0,0,0,0,1,0,0,1,2,3,0,4,0,0,0,0
https://coronavirus.bg/bg/news/2242,13-08-2021,882,15,0,0,0,0,0,0,0,1,0,1,1,3,0,1,3,1,1,2,1,0
https://coronavirus.bg/bg/news/2238,12-08-2021,782,18,0,0,0,0,0,0,0,0,0,0,0,1,1,6,3,5,1,0,1,0
https://coronavirus.bg/bg/news/2230,11-08-2021,805,10,0,0,0,0,0,0,0,1,1,0,1,0,4,1,1,0,0,0,1,0
https://coronavirus.bg/bg/news/2222,10-08-2021,774,23,0,0,0,0,0,0,0,0,0,0,1,0,2,3,7,5,3,1,1,0
https://coronavirus.bg/bg/news/2217,08-08-2021,392,1,0,0,0,0,0,0,0,0,0,0,0,0,0,0,0,1,0,0,0,0
https://coronavirus.bg/bg/news/2218,09-08-2021,176,3,0,0,0,0,0,0,0,0,0,0,0,0,1,1,1,0,0,0,0,0
https://coronavirus.bg/bg/news/2215,07-08-2021,549,8,0,0,0,0,0,0,0,0,1,1,1,1,0,0,1,2,0,1,0,0
https://coronavirus.bg/bg/news/2210,06-08-2021,500,14,0,0,0,0,0,0,0,0,0,0,0,3,1,1,0,6,2,1,0,0
https://coronavirus.bg/bg/news/2201,04-08-2021,462,3,0,0,0,0,0,0,0,0,0,0,0,1,0,0,1,0,1,0,0,0
https://coronavirus.bg/bg/news/2206,05-08-2021,429,4,0,0,0,0,0,0,0,0,0,1,0,0,0,1,1,1,0,0,0,0
https://coronavirus.bg/bg/news/2196,03-08-2021,393,0,0,0,0,0,0,0,0,0,0,0,0,0,0,0,0,0,0,0,0,0
https://coronavirus.bg/bg/news/2189,31-07-2021,346,3,0,0,0,0,0,0,0,0,0,1,0,0,0,1,1,0,0,0,0,0
https://coronavirus.bg/bg/news/2191,01-08-2021,182,2,0,0,0,0,0,0,0,0,0,1,0,0,0,0,1,0,0,0,0,0
https://coronavirus.bg/bg/news/2192,02-08-2021,94,2,0,0,0,0,0,0,0,0,0,0,1,0,0,0,1,0,0,0,0,0
https://coronavirus.bg/bg/news/2181,30-07-2021,231,3,0,0,0,0,0,0,0,0,0,1,0,0,1,0,0,0,0,0,1,0
https://coronavirus.bg/bg/news/2176,29-07-2021,216,2,0,0,0,0,0,0,0,0,0,0,0,0,0,0,0,0,2,0,0,0
https://coronavirus.bg/bg/news/2172,28-07-2021,200,4,0,0,0,0,0,0,0,0,0,1,0,0,1,0,0,2,0,0,0,0
https://coronavirus.bg/bg/news/2168,27-07-2021,193,5,0,0,0,0,0,0,0,0,0,0,1,0,0,1,1,1,1,0,0,0
https://coronavirus.bg/bg/news/2166,26-07-2021,57,0,0,0,0,0,0,0,0,0,0,0,0,0,0,0,0,0,0,0,0,0
https://coronavirus.bg/bg/news/2165,25-07-2021,54,0,0,0,0,0,0,0,0,0,0,0,0,0,0,0,0,0,0,0,0,0
https://coronavirus.bg/bg/news/2161,24-07-2021,135,4,0,0,0,0,0,0,0,0,0,0,0,0,1,1,0,0,1,1,0,0
https://coronavirus.bg/bg/news/2155,23-07-2021,121,2,0,0,0,0,0,0,0,0,0,0,0,0,0,0,1,0,0,1,0,0
https://coronavirus.bg/bg/news/2143,21-07-2021,145,7,0,0,0,0,0,0,0,0,0,0,0,1,0,2,2,1,1,0,0,0
https://coronavirus.bg/bg/news/2137,20-07-2021,113,3,0,0,0,0,0,0,0,0,0,0,1,1,0,0,1,0,0,0,0,0
https://coronavirus.bg/bg/news/2146,22-07-2021,96,3,0,0,0,0,0,0,0,0,0,0,0,0,0,0,1,1,0,1,0,0
https://coronavirus.bg/bg/news/2134,19-07-2021,35,5,0,0,0,0,0,0,0,0,0,0,0,1,0,2,1,1,0,0,0,0
https://coronavirus.bg/bg/news/2129,17-07-2021,76,6,0,0,0,0,0,0,0,0,1,0,1,0,0,1,1,1,0,1,0,0
https://coronavirus.bg/bg/news/2130,18-07-2021,57,0,0,0,0,0,0,0,0,0,0,0,0,0,0,0,0,0,0,0,0,0
https://coronavirus.bg/bg/news/2122,16-07-2021,94,5,0,0,0,0,0,0,0,0,0,0,0,0,0,0,3,0,1,1,0,0
https://coronavirus.bg/bg/news/2111,14-07-2021,74,10,0,0,0,0,0,0,0,0,0,0,0,0,1,1,3,2,2,1,0,0
https://coronavirus.bg/bg/news/2118,15-07-2021,84,4,0,0,0,0,0,0,0,0,0,0,0,0,1,1,0,0,1,1,0,0
https://coronavirus.bg/bg/news/2108,13-07-2021,83,4,0,0,0,0,0,0,0,0,0,0,0,0,0,0,0,2,2,0,0,0
https://coronavirus.bg/bg/news/2105,12-07-2021,16,0,0,0,0,0,0,0,0,0,0,0,0,0,0,0,0,0,0,0,0,0
https://coronavirus.bg/bg/news/2104,11-07-2021,32,2,0,0,0,0,0,0,0,0,0,0,0,0,1,0,0,1,0,0,0,0
https://coronavirus.bg/bg/news/2102,10-07-2021,61,4,0,0,0,0,0,0,0,0,0,0,1,0,0,0,1,0,1,1,0,0
https://coronavirus.bg/bg/news/2093,08-07-2021,60,2,0,0,0,0,0,0,0,1,0,0,0,0,0,0,1,0,0,0,0,0
https://coronavirus.bg/bg/news/2096,09-07-2021,55,5,0,0,0,0,0,0,0,0,0,0,0,1,0,1,1,0,1,1,0,0
https://coronavirus.bg/bg/news/2085,07-07-2021,87,2,0,0,0,0,0,0,0,0,0,0,0,1,0,1,0,0,0,0,0,0
https://coronavirus.bg/bg/news/2082,06-07-2021,98,41,0,0,0,0,0,1,0,0,1,0,0,3,3,6,7,8,5,7,0,0
https://coronavirus.bg/bg/news/2075,03-07-2021,81,16,0,0,0,0,0,0,0,0,0,1,0,0,1,1,4,4,3,1,1,0
https://coronavirus.bg/bg/news/2077,04-07-2021,51,0,0,0,0,0,0,0,0,0,0,0,0,0,0,0,0,0,0,0,0,0
https://coronavirus.bg/bg/news/2078,05-07-2021,19,0,0,0,0,0,0,0,0,0,0,0,0,0,0,0,0,0,0,0,0,0
https://coronavirus.bg/bg/news/2067,02-07-2021,73,6,0,0,0,0,0,0,0,0,0,0,0,0,0,1,2,2,1,0,0,0
https://coronavirus.bg/bg/news/2060,01-07-2021,78,12,0,0,0,0,0,0,0,0,0,0,0,0,0,1,3,0,6,2,0,0
https://coronavirus.bg/bg/news/2050,30-06-2021,105,9,0,0,0,0,0,0,0,0,0,0,1,0,2,2,1,0,1,2,0,0
https://coronavirus.bg/bg/news/2044,29-06-2021,115,13,0,0,0,0,0,0,0,0,0,2,1,1,3,2,0,2,2,0,0,0
https://coronavirus.bg/bg/news/2042,28-06-2021,16,0,0,0,0,0,0,0,0,0,0,0,0,0,0,0,0,0,0,0,0,0
https://coronavirus.bg/bg/news/2041,27-06-2021,28,1,0,0,0,0,0,0,0,0,0,0,0,0,0,1,0,0,0,0,0,0
https://coronavirus.bg/bg/news/2040,27-06-2021,86,4,0,0,0,0,0,0,0,0,0,1,0,0,0,0,0,2,0,1,0,0
https://coronavirus.bg/bg/news/2035,25-06-2021,62,9,0,0,0,0,0,0,0,0,0,0,0,0,0,1,1,3,3,1,0,0
https://coronavirus.bg/bg/news/2030,24-06-2021,93,5,0,0,0,0,0,0,0,0,0,0,0,0,1,1,1,1,1,0,0,0
https://coronavirus.bg/bg/news/2027,23-06-2021,94,8,0,0,0,0,0,0,0,0,0,0,0,1,0,0,2,1,3,0,1,0
https://coronavirus.bg/bg/news/2019,22-06-2021,120,10,0,0,0,0,0,0,0,0,0,0,1,0,1,1,2,4,1,0,0,0
https://coronavirus.bg/bg/news/2009,19-06-2021,105,7,0,0,0,0,0,0,0,0,0,1,0,0,1,2,1,2,0,0,0,0
https://coronavirus.bg/bg/news/2012,21-06-2021,27,1,0,0,0,0,0,0,0,0,0,0,0,0,0,0,0,1,0,0,0,0
https://coronavirus.bg/bg/news/2010,20-06-2021,41,2,0,0,0,0,0,0,0,0,0,0,0,0,0,0,0,1,1,0,0,0
https://coronavirus.bg/bg/news/2003,18-06-2021,110,23,0,0,0,0,0,2,0,0,0,0,3,1,2,4,3,2,4,2,0,0
https://coronavirus.bg/bg/news/1995,17-06-2021,95,25,0,0,0,0,0,0,0,0,0,2,0,3,3,3,2,9,1,2,0,0
https://coronavirus.bg/bg/news/1993,16-06-2021,161,17,0,0,0,0,0,0,0,0,0,1,1,2,1,2,5,3,2,0,0,0
https://coronavirus.bg/bg/news/1989,15-06-2021,157,15,0,0,0,0,0,0,0,0,0,0,1,0,0,2,3,4,1,2,2,0
https://coronavirus.bg/bg/news/1981,14-06-2021,42,2,0,0,0,0,0,0,0,0,0,0,0,0,1,0,1,0,0,0,0,0
https://coronavirus.bg/bg/news/1980,13-06-2021,81,5,0,0,0,0,0,0,0,0,0,0,0,0,1,1,1,1,1,0,0,0
https://coronavirus.bg/bg/news/1977,12-06-2021,123,6,0,0,0,0,0,0,0,0,1,0,0,1,0,1,0,2,0,1,0,0
https://coronavirus.bg/bg/news/1972,11-06-2021,100,15,0,0,0,0,0,0,1,0,0,0,0,1,1,4,2,2,3,1,0,0
https://coronavirus.bg/bg/news/1967,10-06-2021,131,12,0,0,0,0,0,0,0,0,0,0,0,1,0,2,4,2,1,1,1,0
https://coronavirus.bg/bg/news/1964,09-06-2021,178,6,0,0,0,0,0,0,0,0,0,0,0,0,1,1,0,0,3,0,1,0
https://coronavirus.bg/bg/news/1959,08-06-2021,208,34,0,0,0,0,0,0,0,0,0,1,0,1,2,5,6,8,7,3,1,0
https://coronavirus.bg/bg/news/1954,07-06-2021,47,7,0,0,0,0,0,0,0,0,0,0,0,1,0,1,0,2,0,3,0,0
https://coronavirus.bg/bg/news/1949,05-06-2021,157,18,0,0,0,0,0,0,0,0,1,1,0,2,2,3,0,4,2,3,0,0
https://coronavirus.bg/bg/news/1952,06-06-2021,89,3,0,0,0,0,0,0,0,0,0,0,0,0,0,0,1,2,0,0,0,0
https://coronavirus.bg/bg/news/1942,04-06-2021,170,45,0,0,0,0,0,0,0,0,0,1,2,2,4,4,7,7,13,5,0,0
https://coronavirus.bg/bg/news/1938,03-06-2021,197,21,0,0,0,0,0,0,0,0,0,1,0,3,2,2,3,3,6,0,1,0
https://coronavirus.bg/bg/news/1935,02-06-2021,236,26,0,0,0,0,0,0,0,0,0,1,2,1,1,3,9,3,4,2,0,0
https://coronavirus.bg/bg/news/1927,31-05-2021,53,5,0,0,0,0,0,0,0,0,0,0,0,0,1,2,0,1,0,1,0,0
https://coronavirus.bg/bg/news/1931,01-06-2021,303,38,0,0,0,0,0,0,1,0,1,0,2,3,2,4,6,9,2,5,3,0
https://coronavirus.bg/bg/news/1926,30-05-2021,115,5,0,0,0,0,0,0,0,0,0,0,0,0,2,1,1,0,0,1,0,0
https://coronavirus.bg/bg/news/1922,29-05-2021,287,15,0,0,0,0,0,0,1,0,0,1,1,1,1,2,4,3,0,1,0,0
https://coronavirus.bg/bg/news/1912,28-05-2021,293,20,0,0,0,0,0,0,0,0,1,0,0,0,1,4,4,6,3,1,0,0
https://coronavirus.bg/bg/news/1904,27-05-2021,393,36,0,0,0,0,0,0,1,0,1,1,0,2,2,7,7,5,4,5,1,0
https://coronavirus.bg/bg/news/1898,26-05-2021,406,68,0,0,0,0,1,1,0,3,1,2,0,4,7,12,8,15,9,5,0,0
https://coronavirus.bg/bg/news/1894,24-05-2021,81,9,0,0,0,0,0,0,0,0,0,1,1,0,0,1,2,1,0,2,0,1
https://coronavirus.bg/bg/news/1895,25-05-2021,81,17,0,0,0,0,0,0,0,0,0,0,0,1,3,0,4,5,3,0,1,0
https://coronavirus.bg/bg/news/1893,23-05-2021,148,13,0,0,0,0,0,0,0,0,0,0,0,1,3,1,5,2,1,0,0,0
https://coronavirus.bg/bg/news/1890,22-05-2021,362,27,0,0,0,0,0,0,0,0,0,0,0,1,2,11,5,3,2,3,0,0
https://coronavirus.bg/bg/news/1884,21-05-2021,368,31,0,0,0,0,0,1,1,0,0,2,1,0,4,3,7,5,4,3,0,0
https://coronavirus.bg/bg/news/1878,20-05-2021,361,37,0,0,0,1,0,0,0,0,0,0,1,1,2,7,8,8,5,1,1,1
https://coronavirus.bg/bg/news/1875,19-05-2021,457,36,0,0,0,0,0,0,0,0,0,1,1,1,5,0,8,9,7,4,0,0
https://coronavirus.bg/bg/news/1867,18-05-2021,677,84,0,0,0,0,0,0,0,0,0,2,5,3,8,11,17,18,11,8,1,0
https://coronavirus.bg/bg/news/1858,16-05-2021,203,7,0,0,0,0,0,0,0,0,0,0,1,0,1,1,2,1,1,0,0,0
https://coronavirus.bg/bg/news/1859,17-05-2021,151,9,0,0,0,0,0,0,0,0,0,1,0,0,0,1,2,2,0,3,0,0
https://coronavirus.bg/bg/news/1854,15-05-2021,518,49,0,0,0,0,0,0,0,0,0,1,3,3,4,6,7,14,8,1,2,0
https://coronavirus.bg/bg/news/1846,14-05-2021,506,44,0,0,0,0,0,0,0,1,0,1,1,3,3,6,8,8,8,4,1,0
https://coronavirus.bg/bg/news/1842,13-05-2021,657,45,0,0,0,0,0,0,0,0,1,1,3,3,3,10,11,5,6,1,1,0
https://coronavirus.bg/bg/news/1839,12-05-2021,877,59,0,0,0,0,0,0,0,0,0,1,5,3,6,4,15,15,7,1,2,0
https://coronavirus.bg/bg/news/1834,11-05-2021,1078,116,0,0,0,0,0,0,0,0,0,2,3,7,14,16,18,21,20,12,3,0
https://coronavirus.bg/bg/news/1829,10-05-2021,241,27,0,0,0,0,0,0,0,0,1,1,1,2,1,2,7,7,1,3,1,0
https://coronavirus.bg/bg/news/1828,09-05-2021,466,16,0,0,0,0,0,0,0,0,0,0,0,0,2,2,2,6,2,1,0,1
https://coronavirus.bg/bg/news/1821,07-05-2021,545,27,0,0,0,0,0,0,0,0,0,0,0,1,4,2,7,6,6,1,0,0
https://coronavirus.bg/bg/news/1824,08-05-2021,1123,85,0,0,0,0,0,0,0,0,3,1,5,5,6,12,22,13,9,9,0,0
https://coronavirus.bg/bg/news/1819,06-05-2021,1635,164,0,0,0,0,0,0,0,1,2,1,9,5,17,31,38,23,19,13,4,1
https://coronavirus.bg/bg/news/1811,05-05-2021,367,61,0,0,0,0,0,0,0,1,0,1,3,1,7,6,16,14,8,3,1,0
https://coronavirus.bg/bg/news/1809,04-05-2021,631,56,0,0,0,0,0,0,0,0,1,1,2,1,9,8,13,11,7,3,0,0
https://coronavirus.bg/bg/news/1807,03-05-2021,348,48,0,0,0,0,0,0,0,0,0,3,1,2,4,6,8,11,9,4,0,0
https://coronavirus.bg/bg/news/1802,01-05-2021,652,31,0,0,0,0,0,0,0,0,0,1,0,2,3,4,4,8,3,4,1,1
https://coronavirus.bg/bg/news/1805,02-05-2021,466,45,0,0,0,0,0,0,0,0,0,2,2,2,6,4,9,7,7,4,2,0
https://coronavirus.bg/bg/news/1800,30-04-2021,1237,91,0,0,0,0,0,0,0,2,1,2,5,3,11,9,17,10,15,13,3,0
https://coronavirus.bg/bg/news/1792,29-04-2021,1382,96,0,0,0,1,0,0,2,0,1,2,2,4,6,16,16,14,21,7,3,1
https://coronavirus.bg/bg/news/1786,28-04-2021,1850,81,0,0,0,0,0,0,0,0,0,1,2,7,5,10,16,15,14,8,3,0
https://coronavirus.bg/bg/news/1783,27-04-2021,1759,194,0,0,0,0,0,0,1,0,3,2,5,7,24,36,34,32,35,13,2,0
https://coronavirus.bg/bg/news/1770,25-04-2021,798,33,0,0,0,0,0,0,0,0,0,1,2,2,2,6,8,4,3,5,0,0
https://coronavirus.bg/bg/news/1775,26-04-2021,400,48,0,0,0,0,0,0,0,0,3,1,1,0,6,8,9,5,8,4,3,0
https://coronavirus.bg/bg/news/1768,24-04-2021,1708,105,0,0,0,0,0,0,1,1,0,0,1,10,13,13,18,18,15,11,4,0
https://coronavirus.bg/bg/news/1759,23-04-2021,1681,103,0,0,0,0,0,0,0,1,0,2,3,3,11,16,24,19,14,8,2,0
https://coronavirus.bg/bg/news/1751,22-04-2021,2002,100,0,0,0,0,0,0,0,0,1,1,1,4,5,21,19,23,10,14,1,0
https://coronavirus.bg/bg/news/1749,21-04-2021,2096,106,0,0,0,0,0,0,0,0,2,2,5,5,10,15,19,20,19,6,3,0
https://coronavirus.bg/bg/news/1741,19-04-2021,418,57,0,0,0,0,0,0,0,0,0,0,2,2,9,10,12,6,10,6,0,0
https://coronavirus.bg/bg/news/1748,20-04-2021,2434,217,0,0,0,0,0,0,0,2,3,5,8,11,12,29,46,44,31,22,4,0
https://coronavirus.bg/bg/news/1737,17-04-2021,2126,121,0,0,0,0,1,1,1,0,0,3,7,8,14,15,31,13,16,8,3,0
https://coronavirus.bg/bg/news/1733,16-04-2021,2185,108,0,0,0,0,0,1,1,0,0,3,3,3,10,21,19,23,10,12,2,0
https://coronavirus.bg/bg/news/1740,18-04-2021,1076,38,0,0,0,0,0,0,0,1,0,1,1,3,3,5,5,9,5,5,0,0
https://coronavirus.bg/bg/news/1725,15-04-2021,2517,125,0,0,0,0,0,0,1,1,2,4,5,11,14,17,20,16,15,16,2,1
https://coronavirus.bg/bg/news/1722,14-04-2021,2944,127,0,0,0,0,0,0,0,2,0,1,7,6,16,18,24,25,16,10,2,0
https://coronavirus.bg/bg/news/1717,13-04-2021,3122,201,0,0,0,1,0,0,2,1,1,5,9,6,22,24,37,38,36,16,3,0
https://coronavirus.bg/bg/news/1715,12-04-2021,462,67,0,0,0,0,0,0,2,1,2,1,3,2,4,13,9,14,10,5,1,0
https://coronavirus.bg/bg/news/1712,11-04-2021,1352,43,0,0,0,0,0,0,0,0,2,1,2,3,8,3,11,5,6,0,2,0
https://coronavirus.bg/bg/news/1711,10-04-2021,2803,138,0,0,0,0,0,1,0,1,4,2,5,12,12,18,27,24,17,14,1,0
https://coronavirus.bg/bg/news/1707,09-04-2021,2957,136,0,0,0,0,0,0,0,0,4,2,3,9,14,22,27,24,18,11,2,0
https://coronavirus.bg/bg/news/1701,08-04-2021,3556,116,0,0,0,0,0,0,1,1,0,3,4,7,15,23,17,22,12,11,0,0
https://coronavirus.bg/bg/news/1697,07-04-2021,4004,132,0,0,0,0,0,0,0,1,3,4,6,8,10,15,21,29,22,12,1,0
https://coronavirus.bg/bg/news/1691,06-04-2021,3860,197,0,0,0,0,0,0,0,0,4,7,7,14,19,19,49,44,21,10,3,0
https://coronavirus.bg/bg/news/1680,03-04-2021,4013,125,0,0,0,0,0,1,2,0,2,1,3,8,7,29,23,22,14,9,4,0
https://coronavirus.bg/bg/news/1683,04-04-2021,1919,69,0,0,0,0,0,0,0,0,0,3,9,3,4,9,16,9,7,8,1,0
https://coronavirus.bg/bg/news/1684,05-04-2021,740,82,0,0,0,0,0,0,0,1,0,4,6,3,10,12,19,12,7,4,4,0
https://coronavirus.bg/bg/news/1664,02-04-2021,3694,116,0,0,0,0,0,0,3,0,3,2,8,3,14,14,25,18,14,11,1,0
https://coronavirus.bg/bg/news/1653,01-04-2021,4207,129,0,0,0,0,0,0,0,1,1,1,4,9,16,14,22,20,30,8,3,0
https://coronavirus.bg/bg/news/1641,31-03-2021,5176,155,0,0,0,0,0,1,1,0,3,1,4,4,16,24,41,25,21,10,4,0
https://coronavirus.bg/bg/news/1628,30-03-2021,4497,203,0,0,0,0,1,1,0,0,1,6,6,7,27,38,38,33,26,15,4,0
https://coronavirus.bg/bg/news/1621,29-03-2021,983,60,0,0,0,0,0,0,0,0,0,0,2,7,7,4,11,11,9,7,2,0
https://coronavirus.bg/bg/news/1617,27-03-2021,4129,89,0,0,0,0,0,0,0,0,2,2,5,5,10,13,17,17,10,5,2,1
https://coronavirus.bg/bg/news/1619,28-03-2021,2537,49,0,0,0,0,0,0,0,2,2,0,2,3,0,9,15,6,7,2,1,0
https://coronavirus.bg/bg/news/1608,26-03-2021,3988,99,0,0,0,0,0,0,0,1,2,2,1,6,14,17,23,17,5,9,2,0
https://coronavirus.bg/bg/news/1600,25-03-2021,4375,106,0,0,0,0,0,1,2,0,3,3,2,7,8,15,17,23,14,10,1,0
https://coronavirus.bg/bg/news/1590,24-03-2021,4851,119,0,0,0,0,0,1,0,3,4,4,3,6,10,19,27,19,14,6,3,0
https://coronavirus.bg/bg/news/1584,23-03-2021,4467,169,0,0,0,0,0,0,0,1,4,5,9,8,16,28,26,29,19,14,10,0
https://coronavirus.bg/bg/news/1577,22-03-2021,943,53,0,0,0,0,0,0,0,0,0,0,1,3,7,8,12,7,6,7,2,0
https://coronavirus.bg/bg/news/1575,21-03-2021,2541,34,0,0,0,0,0,0,0,1,0,0,2,1,2,5,9,6,5,3,0,0
https://coronavirus.bg/bg/news/1573,20-03-2021,4162,115,0,0,0,0,0,0,0,1,1,2,3,7,11,13,25,25,13,11,3,0
https://coronavirus.bg/bg/news/1565,19-03-2021,4008,102,0,0,0,0,0,0,0,0,5,2,2,7,10,15,20,16,18,5,2,0
https://coronavirus.bg/bg/news/1552,18-03-2021,4201,136,0,0,0,0,0,0,1,1,2,2,3,12,11,18,34,28,10,11,2,1
https://coronavirus.bg/bg/news/1541,17-03-2021,4374,107,0,0,0,0,0,0,0,1,1,3,2,1,8,18,19,19,19,11,5,0
https://coronavirus.bg/bg/news/1529,16-03-2021,4637,187,0,0,0,0,0,0,2,0,1,3,7,5,20,37,36,36,21,16,1,2
https://coronavirus.bg/bg/news/1522,15-03-2021,679,51,0,0,0,0,0,0,0,0,2,0,0,5,4,11,12,7,4,6,0,0
https://coronavirus.bg/bg/news/1520,14-03-2021,2019,38,0,0,0,0,0,0,0,0,0,1,4,4,1,7,8,4,3,4,2,0
https://coronavirus.bg/bg/news/1516,13-03-2021,3159,102,0,0,0,0,2,0,0,0,1,5,4,2,11,11,13,18,23,10,2,0
https://coronavirus.bg/bg/news/1501,12-03-2021,3121,95,0,0,0,0,0,0,0,3,4,2,4,6,8,10,17,15,15,10,1,0
https://coronavirus.bg/bg/news/1485,11-03-2021,2774,96,0,0,0,0,0,1,1,1,2,4,9,3,12,9,17,14,15,5,2,1
https://coronavirus.bg/bg/news/1465,10-03-2021,3502,138,0,0,0,0,0,0,0,1,1,1,3,8,12,20,31,22,22,13,4,0
https://coronavirus.bg/bg/news/1457,09-03-2021,2995,150,0,0,0,0,0,0,0,3,4,3,8,2,14,24,27,26,24,12,3,0
https://coronavirus.bg/bg/news/1446,08-03-2021,497,21,0,0,0,0,0,1,0,0,0,0,2,4,4,0,1,1,6,1,0,1
https://coronavirus.bg/bg/news/1444,07-03-2021,1426,22,0,0,0,0,0,0,0,0,0,1,1,1,3,4,4,3,3,1,1,0
https://coronavirus.bg/bg/news/1439,06-03-2021,3004,65,0,0,0,0,0,0,1,0,1,0,2,3,9,12,9,15,7,6,0,0
https://coronavirus.bg/bg/news/1428,05-03-2021,2198,93,0,0,0,0,0,0,2,0,1,2,1,7,7,15,17,16,17,4,4,0
https://coronavirus.bg/bg/news/1414,04-03-2021,1154,22,0,0,0,0,0,0,0,0,0,1,1,1,0,5,6,5,3,0,0,0
https://coronavirus.bg/bg/news/1411,03-03-2021,2403,83,0,0,0,0,0,0,0,1,1,1,1,4,10,14,19,17,9,5,1,0
https://coronavirus.bg/bg/news/1400,02-03-2021,2588,117,0,0,0,0,0,0,0,2,1,2,1,8,12,16,28,17,17,11,1,1
https://coronavirus.bg/bg/news/1388,28-02-2021,1079,39,0,0,0,0,0,0,0,0,0,1,2,1,2,8,12,5,5,3,0,0
https://coronavirus.bg/bg/news/1392,01-03-2021,332,24,0,0,0,0,0,0,0,0,0,0,1,1,3,4,8,3,1,2,1,0
https://coronavirus.bg/bg/news/1384,27-02-2021,1681,49,0,0,0,0,0,0,0,1,0,0,1,7,4,10,7,1,9,5,4,0
https://coronavirus.bg/bg/news/1378,26-02-2021,1822,53,0,0,0,0,0,0,0,1,0,2,2,2,5,10,10,9,6,6,0,0
https://coronavirus.bg/bg/news/1372,25-02-2021,1733,48,0,0,0,0,0,0,0,1,0,4,1,2,4,4,9,7,9,4,3,0
https://coronavirus.bg/bg/news/1368,24-02-2021,1800,45,0,0,0,0,0,0,1,0,0,1,3,4,10,5,10,4,4,3,0,0
https://coronavirus.bg/bg/news/1364,23-02-2021,1925,79,0,0,0,0,0,0,0,1,0,3,3,6,9,7,13,16,8,9,3,1
https://coronavirus.bg/bg/news/1353,21-02-2021,548,18,0,0,0,0,0,0,0,1,0,0,1,0,1,5,4,3,2,1,0,0
https://coronavirus.bg/bg/news/1358,22-02-2021,227,15,0,0,0,0,0,0,0,0,0,0,0,0,2,5,3,0,3,1,1,0
https://coronavirus.bg/bg/news/1351,20-02-2021,1463,35,0,0,0,0,0,0,0,0,1,0,1,0,3,4,9,5,8,3,1,0
https://coronavirus.bg/bg/news/1343,19-02-2021,1086,42,0,0,0,0,0,0,0,0,0,2,0,1,6,6,7,8,7,4,0,1
https://coronavirus.bg/bg/news/1339,18-02-2021,1246,41,0,0,0,0,0,0,0,0,0,1,1,2,6,4,10,8,6,2,1,0
https://coronavirus.bg/bg/news/1334,17-02-2021,1349,32,0,0,0,0,0,0,0,0,0,2,0,3,2,3,7,8,5,1,1,0
https://coronavirus.bg/bg/news/1330,16-02-2021,1068,47,0,0,0,0,0,0,0,1,0,1,3,1,5,14,8,2,8,3,1,0
https://coronavirus.bg/bg/news/1325,15-02-2021,163,16,0,0,0,0,0,0,0,0,1,0,0,0,0,5,3,4,1,2,0,0
https://coronavirus.bg/bg/news/1320,14-02-2021,506,14,0,0,0,0,0,0,1,0,0,1,0,0,3,1,3,2,2,1,0,0
https://coronavirus.bg/bg/news/1316,13-02-2021,966,33,0,0,0,0,0,0,1,0,0,3,1,0,3,4,3,3,7,6,2,0
https://coronavirus.bg/bg/news/1311,12-02-2021,1070,34,0,0,0,0,0,0,0,0,0,1,0,4,4,3,6,6,4,6,0,0
https://coronavirus.bg/bg/news/1306,11-02-2021,913,45,0,0,0,0,0,0,1,0,0,1,4,4,2,4,9,8,3,5,4,0
https://coronavirus.bg/bg/news/1299,10-02-2021,1212,62,0,0,0,0,0,0,0,0,1,2,3,5,5,6,13,10,4,10,3,0
https://coronavirus.bg/bg/news/1295,09-02-2021,1115,89,0,0,0,0,0,0,0,0,0,1,1,3,11,8,14,22,17,8,2,1
https://coronavirus.bg/bg/news/1287,07-02-2021,493,9,0,0,0,0,0,0,0,0,0,1,0,0,1,2,3,0,2,0,0,0
https://coronavirus.bg/bg/news/1289,08-02-2021,182,20,0,0,0,0,0,0,1,0,0,2,1,2,1,4,3,3,1,2,0,0
https://coronavirus.bg/bg/news/1283,06-02-2021,910,30,0,0,0,0,0,0,0,0,0,0,3,3,4,5,6,3,3,0,2,1
https://coronavirus.bg/bg/news/1279,05-02-2021,883,54,0,0,0,0,0,0,0,0,1,0,3,10,4,8,7,9,6,4,2,0
https://coronavirus.bg/bg/news/1273,04-02-2021,719,40,0,0,0,0,0,0,0,0,0,0,1,4,2,4,7,9,9,1,3,0
https://coronavirus.bg/bg/news/1265,03-02-2021,967,36,0,0,0,0,0,0,0,1,1,0,1,2,5,6,4,4,6,2,2,2
https://coronavirus.bg/bg/news/1261,02-02-2021,832,97,0,0,0,0,0,0,0,0,1,0,3,4,12,18,19,14,14,7,5,0
https://coronavirus.bg/bg/news/1248,01-02-2021,130,17,0,0,0,0,0,0,0,1,0,1,0,1,0,3,6,2,0,3,0,0
https://coronavirus.bg/bg/news/1244,31-01-2021,349,20,0,0,0,0,0,0,0,0,1,0,0,0,1,5,6,3,3,1,0,0
https://coronavirus.bg/bg/news/1240,30-01-2021,695,35,0,0,0,0,0,0,0,0,0,0,1,3,3,6,7,9,4,1,1,0
https://coronavirus.bg/bg/news/1229,29-01-2021,560,29,0,0,0,0,0,0,0,0,0,1,0,3,1,5,5,6,7,0,1,0
https://coronavirus.bg/bg/news/1221,28-01-2021,598,28,0,0,0,0,0,1,0,0,0,0,0,3,1,4,9,7,2,0,1,0
https://coronavirus.bg/bg/news/1208,27-01-2021,827,36,0,0,0,0,0,1,0,0,0,1,1,2,5,8,6,8,2,2,0,0
https://coronavirus.bg/bg/news/1202,26-01-2021,722,60,0,0,0,0,0,0,2,2,2,1,3,5,6,7,13,11,3,4,0,1
https://coronavirus.bg/bg/news/1195,25-01-2021,121,9,0,0,0,0,0,0,0,0,0,0,0,0,0,1,4,1,2,1,0,0
https://coronavirus.bg/bg/news/1192,24-01-2021,266,12,0,0,0,0,0,0,0,0,0,0,0,1,0,2,3,2,3,0,1,0
https://coronavirus.bg/bg/news/1188,23-01-2021,566,58,0,0,0,0,0,0,1,0,0,1,5,4,1,12,13,11,4,6,0,0
https://coronavirus.bg/bg/news/1180,22-01-2021,455,90,0,0,0,0,0,0,0,0,1,2,1,3,7,16,13,24,14,7,2,0
https://coronavirus.bg/bg/news/1171,21-01-2021,482,37,0,0,0,0,0,0,0,0,1,0,0,1,4,5,9,9,7,1,0,0
https://coronavirus.bg/bg/news/1167,20-01-2021,544,49,0,0,0,1,0,0,0,0,1,1,2,2,5,5,12,6,8,3,2,1
https://coronavirus.bg/bg/news/1162,19-01-2021,570,82,0,0,0,0,0,0,0,0,2,0,3,2,7,15,12,13,19,7,1,1
https://coronavirus.bg/bg/news/1157,18-01-2021,77,9,0,0,0,0,0,0,0,0,0,0,1,0,1,0,2,3,1,1,0,0
https://coronavirus.bg/bg/news/1153,17-01-2021,233,17,0,0,0,0,0,0,0,0,0,0,0,0,0,2,5,2,6,1,1,0
https://coronavirus.bg/bg/news/1150,16-01-2021,552,61,0,0,0,0,0,0,0,0,0,1,1,4,6,10,7,16,9,4,2,1
https://coronavirus.bg/bg/news/1147,15-01-2021,535,47,0,0,0,0,0,0,0,0,0,2,1,3,2,9,8,7,11,3,0,1
https://coronavirus.bg/bg/news/1139,14-01-2021,535,70,0,0,0,0,0,0,0,2,0,1,4,6,6,6,9,10,16,7,2,1
https://coronavirus.bg/bg/news/1126,12-01-2021,620,106,0,0,0,0,0,0,0,0,1,0,0,6,15,13,24,17,14,11,5,0
https://coronavirus.bg/bg/news/1130,13-01-2021,750,47,0,0,0,0,0,0,0,1,1,0,2,3,1,12,11,4,6,5,1,0
https://coronavirus.bg/bg/news/1116,09-01-2021,753,61,0,0,0,0,0,0,1,0,0,1,2,2,1,8,10,11,13,10,2,0
https://coronavirus.bg/bg/news/1121,11-01-2021,105,29,0,0,0,0,0,0,0,0,0,1,0,1,1,5,7,4,4,6,0,0
https://coronavirus.bg/bg/news/1120,10-01-2021,394,19,0,0,0,0,0,0,0,0,0,2,2,0,2,2,4,3,3,1,0,0
https://coronavirus.bg/bg/news/1110,08-01-2021,867,56,0,0,0,0,0,0,0,0,1,2,2,1,7,2,14,10,9,7,1,0
https://coronavirus.bg/bg/news/1104,07-01-2021,1002,59,0,0,0,0,0,0,0,0,0,1,2,1,5,10,16,12,9,3,0,0
https://coronavirus.bg/bg/news/1098,06-01-2021,1310,67,0,0,0,0,0,0,2,0,1,1,1,3,9,10,10,10,13,7,0,0
https://coronavirus.bg/bg/news/1093,05-01-2021,1029,157,0,0,0,0,0,0,0,1,1,3,3,9,22,25,24,25,21,17,5,1
https://coronavirus.bg/bg/news/1088,04-01-2021,171,34,0,0,0,0,0,0,0,0,0,1,0,1,4,7,4,6,5,4,2,0
https://coronavirus.bg/bg/news/1082,01-01-2021,1046,61,0,0,0,0,0,1,1,0,0,1,3,6,4,7,18,6,5,8,1,0
https://coronavirus.bg/bg/news/1087,03-01-2021,340,40,0,0,0,0,0,0,0,0,0,1,0,2,4,9,8,4,9,2,1,0
https://coronavirus.bg/bg/news/1078,31-12-2020,1729,110,0,0,0,0,0,0,0,1,0,1,3,4,18,17,24,21,13,5,2,1
https://coronavirus.bg/bg/news/1084,02-01-2021,274,28,0,0,0,0,0,0,0,0,0,0,0,2,3,5,6,5,4,3,0,0
https://coronavirus.bg/bg/news/1068,30-12-2020,1438,154,0,0,0,0,0,2,0,1,3,1,2,9,13,21,34,24,21,20,3,0
https://coronavirus.bg/bg/news/1060,28-12-2020,332,41,0,0,0,0,0,0,0,1,1,0,0,1,5,7,9,7,4,6,0,0
https://coronavirus.bg/bg/news/1063,29-12-2020,337,87,0,0,0,0,0,0,0,0,1,0,5,3,7,14,17,15,13,7,5,0
https://coronavirus.bg/bg/news/1056,27-12-2020,469,50,0,0,0,0,0,0,0,0,1,1,1,3,5,10,7,11,9,1,1,0
https://coronavirus.bg/bg/news/1052,26-12-2020,257,50,0,0,0,0,0,0,0,0,0,1,1,2,6,9,10,5,10,6,0,0
https://coronavirus.bg/bg/news/1045,24-12-2020,1615,99,0,0,0,0,0,0,0,0,0,3,1,11,12,16,18,15,12,9,2,0
https://coronavirus.bg/bg/news/1038,23-12-2020,1799,114,0,0,0,0,0,0,0,0,0,1,2,6,21,14,19,17,21,12,1,0
https://coronavirus.bg/bg/news/1050,25-12-2020,772,45,0,0,0,1,0,0,0,1,0,0,5,1,4,7,7,10,3,4,2,0
https://coronavirus.bg/bg/news/1034,22-12-2020,1277,155,0,0,0,0,0,0,0,0,2,3,4,7,17,25,30,35,17,12,3,0
https://coronavirus.bg/bg/news/1025,21-12-2020,166,58,0,0,0,0,0,0,0,0,0,1,2,1,5,6,10,15,11,5,1,1
https://coronavirus.bg/bg/news/1020,20-12-2020,1002,55,0,0,0,0,0,0,0,0,0,0,1,0,4,15,12,9,9,2,3,0
https://coronavirus.bg/bg/news/1017,19-12-2020,1739,157,0,0,0,0,0,0,1,0,1,1,7,13,16,25,25,27,27,10,4,0
https://coronavirus.bg/bg/news/1011,18-12-2020,2042,143,0,0,0,0,0,0,0,0,2,3,3,11,13,20,27,29,25,10,0,0
https://coronavirus.bg/bg/news/997,16-12-2020,2743,167,0,0,0,0,0,0,2,0,1,2,11,10,18,30,31,22,25,14,1,0
https://coronavirus.bg/bg/news/985,15-12-2020,2095,150,0,0,0,0,0,0,1,1,2,4,2,9,13,27,40,21,16,11,2,1
https://coronavirus.bg/bg/news/979,14-12-2020,497,62,0,0,0,0,0,0,0,0,0,2,2,4,12,13,11,9,3,5,1,0
https://coronavirus.bg/bg/news/977,13-12-2020,1287,64,0,0,0,0,0,0,1,1,1,2,0,5,2,13,20,9,5,5,0,0
https://coronavirus.bg/bg/news/975,12-12-2020,3097,157,0,0,0,0,0,0,1,0,3,3,6,6,17,14,31,25,32,16,1,2
https://coronavirus.bg/bg/news/968,11-12-2020,3075,122,0,0,0,0,0,0,0,0,4,4,2,7,22,19,24,13,20,6,1,0
https://coronavirus.bg/bg/news/965,10-12-2020,3328,127,0,0,0,0,0,0,0,0,1,3,5,8,17,15,29,23,15,7,4,0
https://coronavirus.bg/bg/news/955,09-12-2020,3980,146,0,0,0,0,0,0,2,2,3,1,6,12,19,21,27,27,17,7,2,0
https://coronavirus.bg/bg/news/952,08-12-2020,2764,213,0,0,0,0,0,1,0,1,5,6,2,14,30,32,35,35,28,19,3,2
https://coronavirus.bg/bg/news/946,07-12-2020,577,68,0,0,0,0,0,0,1,0,0,2,4,7,9,6,13,15,7,3,1,0
https://coronavirus.bg/bg/news/943,05-12-2020,3614,147,0,0,0,0,1,0,0,0,2,7,7,15,12,26,30,20,17,9,1,0
https://coronavirus.bg/bg/news/937,04-12-2020,3280,154,0,0,0,1,0,0,1,1,0,5,5,12,18,27,29,21,21,10,2,1
https://coronavirus.bg/bg/news/945,06-12-2020,2037,79,0,0,0,1,0,0,0,0,0,2,2,9,5,14,16,16,9,4,0,1
https://coronavirus.bg/bg/news/931,03-12-2020,3138,159,0,0,0,0,0,0,0,2,1,3,4,17,13,22,32,32,17,12,4,0
https://coronavirus.bg/bg/news/921,02-12-2020,3475,152,0,0,0,0,0,0,0,1,1,7,1,11,24,21,20,30,21,10,4,1
https://coronavirus.bg/bg/news/914,01-12-2020,2814,221,0,0,1,0,0,1,1,2,3,3,6,15,23,31,41,35,34,15,8,2
https://coronavirus.bg/bg/news/900,29-11-2020,1792,69,0,0,0,0,0,0,0,2,2,4,0,8,11,10,8,9,9,5,1,0
https://coronavirus.bg/bg/news/905,30-11-2020,739,65,0,0,0,0,0,0,1,0,1,3,4,4,8,11,9,8,9,7,0,0
https://coronavirus.bg/bg/news/899,28-11-2020,3327,151,0,0,0,0,1,0,0,1,2,2,8,6,20,17,35,31,14,10,4,0
https://coronavirus.bg/bg/news/891,27-11-2020,3568,162,0,0,0,0,0,2,0,1,4,3,3,10,16,26,35,35,16,8,2,1
https://coronavirus.bg/bg/news/888,26-11-2020,3712,141,0,0,0,0,0,0,3,0,2,3,5,7,9,31,28,23,14,14,2,0
https://coronavirus.bg/bg/news/881,25-11-2020,4382,156,0,0,0,0,0,0,3,0,3,3,5,10,23,19,29,29,20,10,1,1
https://coronavirus.bg/bg/news/878,24-11-2020,3146,189,0,0,0,0,0,0,1,5,3,3,5,15,23,30,40,28,27,6,3,0
https://coronavirus.bg/bg/news/874,23-11-2020,1123,60,0,0,0,0,0,0,0,0,0,1,3,4,7,7,12,10,11,4,1,0
https://coronavirus.bg/bg/news/873,22-11-2020,2279,42,0,0,0,1,0,0,0,1,0,0,3,3,7,6,10,3,3,4,1,0
https://coronavirus.bg/bg/news/863,20-11-2020,3899,119,0,0,0,0,0,0,1,0,1,2,6,8,11,23,25,19,13,7,2,1
https://coronavirus.bg/bg/news/870,21-11-2020,3983,129,0,0,0,0,0,0,0,1,4,5,9,8,17,24,24,20,13,2,2,0
https://coronavirus.bg/bg/news/857,19-11-2020,3938,117,0,0,0,0,0,1,1,0,2,4,3,11,17,20,24,15,13,5,1,0
https://coronavirus.bg/bg/news/841,18-11-2020,4828,131,0,0,0,0,0,0,1,1,2,5,7,5,13,19,29,17,22,9,0,1
https://coronavirus.bg/bg/news/838,17-11-2020,3519,152,0,0,0,0,0,0,0,0,3,3,11,12,18,19,35,27,14,8,2,0
https://coronavirus.bg/bg/news/833,15-11-2020,2498,36,0,0,0,0,0,0,0,0,0,0,3,4,7,3,6,5,5,3,0,0
https://coronavirus.bg/bg/news/831,14-11-2020,4212,84,0,0,0,0,0,0,1,1,2,2,5,7,11,10,15,11,11,7,1,0
https://coronavirus.bg/bg/news/835,16-11-2020,816,40,0,0,0,0,0,0,0,0,2,0,0,3,3,8,7,9,0,6,1,1
https://coronavirus.bg/bg/news/824,13-11-2020,3414,72,0,0,0,0,0,0,0,2,3,1,0,7,10,7,18,12,6,4,2,0
https://coronavirus.bg/bg/news/817,12-11-2020,3945,47,0,0,0,0,1,0,0,0,2,2,2,2,4,7,5,9,10,3,0,0
https://coronavirus.bg/bg/news/797,10-11-2020,3816,106,0,0,0,0,0,0,0,0,2,1,2,10,18,20,19,13,15,5,1,0
https://coronavirus.bg/bg/news/803,11-11-2020,4390,80,0,0,0,0,0,0,0,1,1,2,4,7,12,13,15,8,8,8,1,0
https://coronavirus.bg/bg/news/792,07-11-2020,2301,56,0,0,0,0,0,0,0,0,0,1,4,5,10,11,8,10,4,3,0,0
https://coronavirus.bg/bg/news/795,09-11-2020,675,33,0,0,0,0,0,0,0,0,0,1,0,1,6,6,4,4,9,2,0,0
https://coronavirus.bg/bg/news/783,06-11-2020,3754,52,0,0,0,0,0,1,0,0,1,2,2,4,4,8,9,8,9,3,1,0
https://coronavirus.bg/bg/news/788,07-11-2020,3839,58,0,0,0,0,0,0,1,0,0,3,5,6,6,6,12,11,5,3,0,0
https://coronavirus.bg/bg/news/775,05-11-2020,4054,54,0,0,0,0,0,0,0,0,0,1,2,2,10,10,7,9,8,2,1,1
https://coronavirus.bg/bg/news/769,04-11-2020,4041,63,0,0,0,0,0,0,0,0,0,1,2,6,7,9,10,9,8,10,1,0
https://coronavirus.bg/bg/news/760,03-11-2020,2427,51,0,0,0,0,1,0,1,0,1,1,5,3,7,4,10,9,7,2,0,0
https://coronavirus.bg/bg/news/753,02-11-2020,1225,19,0,0,0,0,0,0,0,1,0,1,0,1,4,0,7,2,2,1,0,0
https://coronavirus.bg/bg/news/746,31-10-2020,2891,29,0,0,0,0,0,0,0,1,2,1,0,3,4,6,4,3,3,2,0,0
https://coronavirus.bg/bg/news/748,01-11-2020,1803,24,0,0,0,0,0,0,1,1,1,1,1,1,3,4,5,4,2,0,0,0
https://coronavirus.bg/bg/news/740,30-10-2020,2689,28,0,0,0,0,0,1,0,0,0,1,3,5,6,2,4,4,0,2,0,0
https://coronavirus.bg/bg/news/733,29-10-2020,2760,36,0,0,0,0,0,0,0,0,2,0,3,1,4,7,9,4,3,3,0,0
https://coronavirus.bg/bg/news/725,28-10-2020,2569,25,0,0,0,0,0,0,0,0,1,0,2,1,3,3,7,3,3,1,1,0
https://coronavirus.bg/bg/news/708,27-10-2020,2243,42,0,0,0,0,0,0,0,0,1,1,0,2,6,4,10,8,4,4,2,0
https://coronavirus.bg/bg/news/698,26-10-2020,327,10,0,0,0,0,0,0,0,0,1,1,2,0,0,1,2,0,1,1,1,0
https://coronavirus.bg/bg/news/694,25-10-2020,1043,7,0,0,0,0,0,0,1,0,0,0,0,0,2,1,3,0,0,0,0,0
https://coronavirus.bg/bg/news/690,24-10-2020,1589,13,0,0,0,0,0,0,0,0,0,0,0,0,2,0,5,4,1,0,0,1
https://coronavirus.bg/bg/news/680,23-10-2020,1595,16,0,0,0,0,0,0,0,0,0,1,0,2,2,3,0,4,1,3,0,0
https://coronavirus.bg/bg/news/673,22-10-2020,1472,29,0,0,0,0,0,0,0,0,2,3,1,4,0,2,6,4,4,3,0,0
https://coronavirus.bg/bg/news/666,21-10-2020,1336,11,0,0,0,0,0,0,0,0,0,0,2,1,1,3,0,0,2,2,0,0
https://coronavirus.bg/bg/news/661,20-10-2020,1024,22,0,0,0,0,0,0,0,0,1,0,1,2,2,5,6,3,0,1,1,0
https://coronavirus.bg/bg/news/658,19-10-2020,395,18,0,0,0,0,0,0,0,0,0,1,2,1,2,3,3,5,0,1,0,0
https://coronavirus.bg/bg/news/657,18-10-2020,603,10,0,0,0,0,0,0,0,0,1,0,0,0,1,3,1,1,1,2,0,0
https://coronavirus.bg/bg/news/656,17-10-2020,998,14,0,0,0,0,0,0,0,0,0,0,1,0,0,0,3,5,4,1,0,0
https://coronavirus.bg/bg/news/653,16-10-2020,914,15,0,0,0,0,0,0,0,0,0,0,1,2,2,2,1,3,3,1,0,0
https://coronavirus.bg/bg/news/652,15-10-2020,819,6,0,0,0,0,0,0,0,0,0,0,1,0,3,0,2,0,0,0,0,0
https://coronavirus.bg/bg/news/645,14-10-2020,785,8,0,0,0,0,0,0,0,0,0,1,0,1,0,3,0,1,2,0,0,0
https://coronavirus.bg/bg/news/634,11-10-2020,448,4,0,0,0,0,0,0,0,0,0,0,0,2,1,0,0,0,1,0,0,0
https://coronavirus.bg/bg/news/636,13-10-2020,587,23,0,0,0,0,0,0,0,1,0,1,0,1,3,2,1,5,6,2,1,0
https://coronavirus.bg/bg/news/633,10-10-2020,612,7,0,0,0,0,0,0,0,0,0,1,0,0,1,0,1,2,1,1,0,0
https://coronavirus.bg/bg/news/632,09-10-2020,516,7,0,0,0,0,0,0,0,0,0,0,0,1,0,1,3,1,1,0,0,0
https://coronavirus.bg/bg/news/627,08-10-2020,437,11,0,0,0,0,0,0,0,0,0,0,0,0,0,1,3,2,4,1,0,0
https://coronavirus.bg/bg/news/635,12-10-2020,83,1,0,0,0,0,0,0,0,0,0,0,0,0,1,0,0,0,0,0,0,0
https://coronavirus.bg/bg/news/622,07-10-2020,436,8,0,0,0,0,0,0,0,0,1,0,0,2,1,2,0,2,0,0,0,0
https://coronavirus.bg/bg/news/620,06-10-2020,283,10,0,0,0,0,0,0,0,0,0,0,0,1,2,4,1,2,0,0,0,0
https://coronavirus.bg/bg/news/613,04-10-2020,182,0,0,0,0,0,0,0,0,0,0,0,0,0,0,0,0,0,0,0,0,0
https://coronavirus.bg/bg/news/615,05-10-2020,69,3,0,0,0,0,0,0,0,0,1,0,0,0,0,0,1,1,0,0,0,0
https://coronavirus.bg/bg/news/612,03-10-2020,240,6,0,0,0,0,0,0,0,0,0,0,1,0,0,2,1,1,1,0,0,0
https://coronavirus.bg/bg/news/609,02-10-2020,263,7,0,0,0,0,0,0,0,1,0,0,0,0,0,2,1,2,1,0,0,0
https://coronavirus.bg/bg/news/605,01-10-2020,286,12,0,0,0,0,0,0,0,0,0,0,0,2,0,3,1,2,2,0,1,1
https://coronavirus.bg/bg/news/598,30-09-2020,276,6,0,0,0,0,0,0,0,0,0,1,0,0,2,1,2,0,0,0,0,0
https://coronavirus.bg/bg/news/597,29-09-2020,216,11,0,0,0,0,0,0,0,0,0,0,0,1,0,2,3,3,1,1,0,0
https://coronavirus.bg/bg/news/596,28-09-2020,58,7,0,0,0,0,0,0,0,0,1,0,0,0,0,1,2,0,3,0,0,0
https://coronavirus.bg/bg/news/590,24-09-2020,160,12,0,0,0,0,0,0,0,1,1,0,0,0,0,2,2,4,0,0,2,0
https://coronavirus.bg/bg/news/593,26-09-2020,255,4,0,0,0,0,0,0,0,0,0,0,0,0,1,0,1,0,1,1,0,0
https://coronavirus.bg/bg/news/591,25-09-2020,290,6,0,0,0,0,0,0,1,0,0,0,0,1,0,0,1,2,0,0,1,0
https://coronavirus.bg/bg/news/582,21-09-2020,44,6,0,0,0,0,0,0,0,0,0,0,1,1,1,1,1,1,0,0,0,0
https://coronavirus.bg/bg/news/581,20-09-2020,86,2,0,0,0,0,0,0,0,0,0,0,0,0,0,1,0,0,0,1,0,0
https://coronavirus.bg/bg/news/586,23-09-2020,109,2,0,0,0,0,0,0,0,0,0,0,1,0,1,0,0,0,0,0,0,0
https://coronavirus.bg/bg/news/584,22-09-2020,151,4,0,0,0,0,0,0,0,0,0,0,0,1,0,1,0,2,0,0,0,0
https://coronavirus.bg/bg/news/580,19-09-2020,189,4,0,0,0,0,0,0,0,0,0,0,1,0,1,0,0,1,0,1,0,0
https://coronavirus.bg/bg/news/579,18-09-2020,154,10,0,0,0,0,0,0,0,0,0,1,0,1,0,1,3,3,1,0,0,0
https://coronavirus.bg/bg/news/578,17-09-2020,174,3,0,0,0,0,0,0,0,0,0,0,0,0,2,1,0,0,0,0,0,0
https://coronavirus.bg/bg/news/563,12-09-2020,201,7,0,0,0,0,0,1,0,0,1,0,0,0,0,2,1,1,0,1,0,0
https://coronavirus.bg/bg/news/569,16-09-2020,155,7,0,0,0,0,0,0,0,0,0,0,1,1,1,1,0,0,1,2,0,0
https://coronavirus.bg/bg/news/567,15-09-2020,143,9,0,0,0,0,0,0,0,0,1,0,0,0,2,2,2,0,2,0,0,0
https://coronavirus.bg/bg/news/566,14-09-2020,27,3,0,0,0,0,0,0,0,0,0,0,0,0,1,1,0,0,1,0,0,0
https://coronavirus.bg/bg/news/559,10-09-2020,122,10,0,0,0,0,0,1,0,0,0,0,0,0,2,1,0,0,4,1,1,0
https://coronavirus.bg/bg/news/564,13-09-2020,92,4,0,0,0,0,0,0,0,0,0,0,0,1,0,0,1,1,1,0,0,0
https://coronavirus.bg/bg/news/561,10-09-2020,122,9,0,0,0,0,0,0,0,0,0,0,0,0,2,1,0,0,4,1,1,0
https://coronavirus.bg/bg/news/562,11-09-2020,163,5,0,0,0,0,0,0,0,1,0,0,1,1,0,0,1,0,0,1,0,0
https://coronavirus.bg/bg/news/552,04-09-2020,158,10,0,0,0,0,0,0,0,0,1,1,1,1,2,0,1,0,2,1,0,0
https://coronavirus.bg/bg/news/551,03-09-2020,163,6,0,0,0,0,0,0,0,0,0,0,0,0,0,0,2,1,1,1,1,0
https://coronavirus.bg/bg/news/558,09-09-2020,167,15,0,0,0,0,0,0,0,0,0,0,1,1,1,3,3,2,2,2,0,0
https://coronavirus.bg/bg/news/557,08-09-2020,57,1,0,0,0,0,0,0,0,0,0,0,0,0,0,0,1,0,0,0,0,0
https://coronavirus.bg/bg/news/556,07-09-2020,39,5,0,0,0,0,0,0,0,0,0,0,0,0,3,0,0,1,0,1,0,0
https://coronavirus.bg/bg/news/554,05-09-2020,179,7,0,0,0,0,0,0,0,0,0,0,0,0,2,1,2,0,1,1,0,0
https://coronavirus.bg/bg/news/555,06-09-2020,96,6,0,0,0,0,0,0,0,0,0,0,1,1,1,0,0,1,1,0,1,0
https://coronavirus.bg/bg/news/545,02-09-2020,188,13,0,0,0,0,0,0,0,0,1,0,0,1,0,2,3,2,3,1,0,0
https://coronavirus.bg/bg/news/541,01-09-2020,76,16,0,0,0,0,0,0,0,1,0,0,1,0,3,1,3,5,0,2,0,0
https://coronavirus.bg/bg/news/535,31-08-2020,26,8,0,0,0,0,0,0,0,0,0,0,0,1,3,0,3,0,1,0,0,0
https://coronavirus.bg/bg/news/534,30-08-2020,99,2,0,0,0,0,0,0,0,0,0,0,0,1,0,0,0,0,1,0,0,0
https://coronavirus.bg/bg/news/531,29-08-2020,157,9,0,0,0,0,0,0,0,1,1,0,0,0,0,2,2,1,1,1,0,0
https://coronavirus.bg/bg/news/529,28-08-2020,157,8,0,0,0,0,0,0,0,0,0,0,1,0,4,2,1,0,0,0,0,0
https://coronavirus.bg/bg/news/525,27-08-2020,162,14,0,0,0,0,0,0,0,0,1,0,0,2,0,3,2,1,2,0,2,1
https://coronavirus.bg/bg/news/514,22-08-2020,169,7,0,0,0,0,0,0,0,0,0,0,0,2,2,1,0,0,1,0,1,0
https://coronavirus.bg/bg/news/521,26-08-2020,203,9,0,0,0,0,0,0,0,0,0,0,0,1,2,2,1,1,2,0,0,0
https://coronavirus.bg/bg/news/518,25-08-2020,99,18,0,0,0,0,0,0,0,0,0,1,0,2,3,1,2,3,5,1,0,0
https://coronavirus.bg/bg/news/517,24-08-2020,60,0,0,0,0,0,0,0,0,0,0,0,0,0,0,0,0,0,0,0,0,0
https://coronavirus.bg/bg/news/513,21-08-2020,142,5,0,0,0,0,0,0,0,0,0,1,0,0,2,0,1,0,0,1,0,0
https://coronavirus.bg/bg/news/516,23-08-2020,96,6,0,0,0,0,0,0,0,0,0,0,0,0,1,2,1,1,1,0,0,0
https://coronavirus.bg/bg/news/509,19-08-2020,169,7,0,0,0,0,0,0,0,0,0,1,0,1,0,2,1,1,0,1,0,0
https://coronavirus.bg/bg/news/505,16-08-2020,90,3,0,0,0,0,0,0,0,0,0,0,0,0,0,1,2,0,0,0,0,0
https://coronavirus.bg/bg/news/512,20-08-2020,151,8,0,0,0,0,0,0,0,0,0,0,0,0,1,3,2,1,0,0,1,0
https://coronavirus.bg/bg/news/508,18-08-2020,135,14,0,0,0,0,0,0,0,0,0,0,1,1,2,3,1,4,1,0,1,0
https://coronavirus.bg/bg/news/506,17-08-2020,32,3,0,0,0,0,0,0,0,0,0,0,0,0,0,0,0,1,2,0,0,0
https://coronavirus.bg/bg/news/499,13-08-2020,171,11,0,0,0,0,0,0,0,1,0,0,1,1,3,0,1,3,0,0,1,0
https://coronavirus.bg/bg/news/503,15-08-2020,174,8,0,0,0,0,0,0,0,0,1,0,0,0,2,2,1,0,0,2,0,0
https://coronavirus.bg/bg/news/501,14-08-2020,176,2,0,0,0,0,0,0,0,0,0,0,0,0,2,0,0,0,0,0,0,0
https://coronavirus.bg/bg/news/494,11-08-2020,116,12,0,0,0,0,0,0,0,0,0,1,1,0,2,3,1,1,2,1,0,0
https://coronavirus.bg/bg/news/492,10-08-2020,53,2,0,0,0,0,0,0,0,0,0,0,0,0,0,0,2,0,0,0,0,0
https://coronavirus.bg/bg/news/490,09-08-2020,134,3,0,0,0,0,0,0,0,0,0,0,0,0,0,0,0,1,1,1,0,0
https://coronavirus.bg/bg/news/489,08-08-2020,195,7,0,0,0,0,0,0,0,0,0,0,0,0,0,0,2,3,1,0,1,0
https://coronavirus.bg/bg/news/496,12-08-2020,210,12,0,0,0,0,0,0,0,0,1,0,2,0,0,0,4,1,2,2,0,0
https://coronavirus.bg/bg/news/486,07-08-2020,297,11,0,0,0,0,0,0,0,1,0,1,0,0,0,3,1,3,0,2,0,0
https://coronavirus.bg/bg/news/480,06-08-2020,303,9,0,0,0,0,0,0,0,0,0,0,0,0,2,2,1,1,1,2,0,0
https://coronavirus.bg/bg/news/472,05-08-2020,255,11,0,0,0,0,0,0,0,0,0,1,0,2,0,0,2,3,1,1,1,0
https://coronavirus.bg/bg/news/468,04-08-2020,204,16,0,0,0,0,0,0,0,0,0,0,3,0,2,4,3,1,2,1,0,0
https://coronavirus.bg/bg/news/462,03-08-2020,119,3,0,0,0,0,0,0,0,0,0,0,1,0,0,0,0,0,1,1,0,0
https://coronavirus.bg/bg/news/459,01-08-2020,270,9,0,0,0,1,0,0,0,0,0,0,1,0,0,1,0,4,2,0,0,0
https://coronavirus.bg/bg/news/460,02-08-2020,146,2,0,0,0,0,0,0,0,0,0,0,0,0,0,0,0,0,0,1,1,0
https://coronavirus.bg/bg/news/455,31-07-2020,265,6,0,0,0,0,0,0,0,0,0,0,0,0,3,1,1,0,1,0,0,0
https://coronavirus.bg/bg/news/453,30-07-2020,284,13,0,0,0,0,0,0,1,0,0,0,1,1,1,1,2,4,2,0,0,0
https://coronavirus.bg/bg/news/450,29-07-2020,250,8,0,0,0,0,0,0,0,0,0,0,0,1,0,1,2,0,4,0,0,0
https://coronavirus.bg/bg/news/441,28-07-2020,194,7,0,0,0,0,0,0,0,1,0,0,0,0,1,3,1,1,0,0,0,0
https://coronavirus.bg/bg/news/437,27-07-2020,115,2,0,0,0,0,0,0,0,0,0,0,0,0,0,0,1,0,0,0,1,0
https://coronavirus.bg/bg/news/436,26-07-2020,189,1,0,0,0,0,0,0,0,0,0,0,0,0,0,0,1,0,0,0,0,0
https://coronavirus.bg/bg/news/425,22-07-2020,325,5,0,0,0,0,0,0,0,0,0,0,0,0,1,1,1,0,1,0,1,0
https://coronavirus.bg/bg/news/431,25-07-2020,270,8,0,0,0,0,0,0,0,0,0,0,0,1,2,0,1,1,1,2,0,0
https://coronavirus.bg/bg/news/428,24-07-2020,269,8,0,0,0,0,0,0,0,0,0,0,1,0,2,3,0,1,1,0,0,0
https://coronavirus.bg/bg/news/427,23-07-2020,330,8,0,0,0,0,0,0,0,0,0,0,0,3,1,3,0,0,1,0,0,0
https://coronavirus.bg/bg/news/420,19-07-2020,196,2,0,0,0,0,0,0,0,0,0,0,0,0,0,0,0,1,0,1,0,0
https://coronavirus.bg/bg/news/424,21-07-2020,196,8,0,0,0,0,0,0,0,0,0,1,1,0,0,1,3,1,1,0,0,0
https://coronavirus.bg/bg/news/419,18-07-2020,298,4,0,0,0,0,0,0,0,0,0,0,0,0,0,3,1,0,0,0,0,0
https://coronavirus.bg/bg/news/421,20-07-2020,95,1,0,0,0,0,0,0,0,0,0,0,0,1,0,0,0,0,0,0,0,0
https://coronavirus.bg/bg/news/418,17-07-2020,267,4,0,0,0,0,0,0,0,0,0,0,1,0,1,0,1,0,1,0,0,0
https://coronavirus.bg/bg/news/417,16-07-2020,232,6,0,0,0,0,0,0,1,0,0,0,1,0,0,2,1,0,1,0,0,0
https://coronavirus.bg/bg/news/410,15-07-2020,234,7,0,0,0,0,0,0,0,0,0,1,1,1,0,0,3,0,1,0,0,0
https://coronavirus.bg/bg/news/408,14-07-2020,159,7,0,0,0,0,0,0,0,0,0,0,0,1,2,1,0,2,0,1,0,0
https://coronavirus.bg/bg/news/406,13-07-2020,77,0,0,0,0,0,0,0,0,0,0,0,0,0,0,0,0,0,0,0,0,0
https://coronavirus.bg/bg/news/404,12-07-2020,211,0,0,0,0,0,0,0,0,0,0,0,0,0,0,0,0,0,0,0,0,0
https://coronavirus.bg/bg/news/402,11-07-2020,292,5,0,0,0,0,0,0,0,0,0,1,0,0,1,1,0,1,0,1,0,0
https://coronavirus.bg/bg/news/400,10-07-2020,330,3,0,0,0,0,0,0,0,0,0,0,0,0,0,0,1,2,0,0,0,0
https://coronavirus.bg/bg/news/396,09-07-2020,240,5,0,0,0,0,0,0,0,0,0,0,1,0,0,0,2,2,0,0,0,0
https://coronavirus.bg/bg/news/395,08-07-2020,188,4,0,0,0,0,0,0,0,0,0,0,2,0,1,0,1,0,0,0,0,0
https://coronavirus.bg/bg/news/393,07-07-2020,174,4,0,0,0,0,0,0,0,0,0,0,1,0,2,0,0,1,0,0,0,0
https://coronavirus.bg/bg/news/392,06-07-2020,63,5,0,0,0,0,0,0,0,0,0,1,0,0,1,1,0,0,1,1,0,0
https://coronavirus.bg/bg/news/391,05-07-2020,180,2,0,0,0,0,0,0,0,0,0,0,0,1,0,0,1,0,0,0,0,0
https://coronavirus.bg/bg/news/390,04-07-2020,182,7,0,0,0,0,1,0,0,0,0,2,1,2,0,0,1,0,0,0,0,0
https://coronavirus.bg/bg/news/386,03-07-2020,161,0,0,0,0,0,0,0,0,0,0,0,0,0,0,0,0,0,0,0,0,0
https://coronavirus.bg/bg/news/384,02-07-2020,165,2,0,0,0,0,0,0,0,0,0,0,0,0,2,0,0,0,0,0,0,0
https://coronavirus.bg/bg/news/377,01-07-2020,158,7,0,0,0,0,0,0,0,0,0,0,1,1,0,0,3,1,1,0,0,0
https://coronavirus.bg/bg/news/373,30-06-2020,140,4,0,0,0,0,0,0,0,0,0,0,1,0,1,1,1,0,0,0,0,0
https://coronavirus.bg/bg/news/369,28-06-2020,112,0,0,0,0,0,0,0,0,0,0,0,0,0,0,0,0,0,0,0,0,0
https://coronavirus.bg/bg/news/368,27-06-2020,105,4,0,0,0,0,0,0,0,1,0,0,0,0,1,0,2,0,0,0,0,0
https://coronavirus.bg/bg/news/371,29-06-2020,66,3,0,0,0,0,0,0,0,0,0,1,0,2,0,0,0,0,0,0,0,0
https://coronavirus.bg/bg/news/367,26-06-2020,166,2,0,0,0,0,0,0,0,0,0,0,0,0,0,0,1,0,1,0,0,0
https://coronavirus.bg/bg/news/364,25-06-2020,128,0,0,0,0,0,0,0,0,0,0,0,0,0,0,0,0,0,0,0,0,0
https://coronavirus.bg/bg/news/355,23-06-2020,79,8,0,0,0,0,0,0,0,0,0,0,0,1,1,2,2,2,0,0,0,0
https://coronavirus.bg/bg/news/359,24-06-2020,130,1,0,0,0,0,0,0,0,0,0,0,0,0,0,1,0,0,0,0,0,0
https://coronavirus.bg/bg/news/349,21-06-2020,117,6,0,0,0,0,0,0,0,0,0,1,1,1,2,1,0,0,0,0,0,0
https://coronavirus.bg/bg/news/343,19-06-2020,132,6,0,0,0,0,0,0,0,0,0,0,0,1,0,0,3,0,1,1,0,0
https://coronavirus.bg/bg/news/350,22-06-2020,33,0,0,0,0,0,0,0,0,0,0,0,0,0,0,0,0,0,0,0,0,0
https://coronavirus.bg/bg/news/348,20-06-2020,81,3,0,0,0,0,0,0,0,0,0,0,0,0,1,0,0,0,1,1,0,0
https://coronavirus.bg/bg/news/333,16-06-2020,51,2,0,0,0,0,0,0,0,0,1,0,0,0,0,0,0,0,1,0,0,0
https://coronavirus.bg/bg/news/340,18-06-2020,89,3,0,0,0,0,0,0,0,0,1,0,0,0,1,1,0,0,0,0,0,0
https://coronavirus.bg/bg/news/334,17-06-2020,112,5,0,0,0,0,0,0,0,0,0,0,0,2,1,0,1,1,0,0,0,0
https://coronavirus.bg/bg/news/324,13-06-2020,105,4,0,0,0,0,0,0,0,0,0,1,0,0,0,1,0,2,0,0,0,0
https://coronavirus.bg/bg/news/330,15-06-2020,24,2,0,0,0,0,0,0,0,1,0,1,0,0,0,0,0,0,0,0,0,0
https://coronavirus.bg/bg/news/327,14-06-2020,75,0,0,0,0,0,0,0,0,0,0,0,0,0,0,0,0,0,0,0,0,0
https://coronavirus.bg/bg/news/319,12-06-2020,93,1,0,0,0,0,0,0,0,0,0,0,0,0,0,0,0,0,0,1,0,0
https://coronavirus.bg/bg/news/317,11-06-2020,104,0,0,0,0,0,0,0,0,0,0,0,0,0,0,0,0,0,0,0,0,0
https://coronavirus.bg/bg/news/309,06-06-2020,41,0,0,0,0,0,0,0,0,0,0,0,0,0,0,0,0,0,0,0,0,0
https://coronavirus.bg/bg/news/313,10-06-2020,79,3,0,0,0,0,0,0,0,0,0,0,1,0,0,0,0,2,0,0,0,0
https://coronavirus.bg/bg/news/311,08-06-2020,16,0,0,0,0,0,0,0,0,0,0,0,0,0,0,0,0,0,0,0,0,0
https://coronavirus.bg/bg/news/312,09-06-2020,83,4,0,0,0,0,0,0,0,0,0,0,0,0,2,0,1,1,0,0,0,0
https://coronavirus.bg/bg/news/310,07-06-2020,43,0,0,0,0,0,0,0,0,0,0,0,0,0,0,0,0,0,0,0,0,0
https://coronavirus.bg/bg/news/297,03-06-2020,22,1,0,0,0,0,0,0,0,0,0,0,0,0,0,0,0,1,0,0,0,0
https://coronavirus.bg/bg/news/302,04-06-2020,25,0,0,0,0,0,0,0,0,0,0,0,0,0,0,0,0,0,0,0,0,0
https://coronavirus.bg/bg/news/288,01-06-2020,6,0,0,0,0,0,0,0,0,0,0,0,0,0,0,0,0,0,0,0,0,0
https://coronavirus.bg/bg/news/292,02-06-2020,19,3,0,0,0,0,0,0,0,0,0,0,0,0,0,1,0,2,0,0,0,0
https://coronavirus.bg/bg/news/287,31-05-2020,14,1,0,0,0,0,0,0,0,0,0,0,0,0,1,0,0,0,0,0,0,0
https://coronavirus.bg/bg/news/285,30-05-2020,14,2,0,0,0,0,0,0,0,0,0,0,0,0,0,0,0,1,1,0,0,0
https://coronavirus.bg/bg/news/281,29-05-2020,8,2,0,0,0,0,0,0,0,0,0,0,0,0,0,0,0,0,0,0,2,0
https://coronavirus.bg/bg/news/274,25-05-2020,6,0,0,0,0,0,0,0,0,0,0,0,0,0,0,0,0,0,0,0,0,0
https://coronavirus.bg/bg/news/278,28-05-2020,17,0,0,0,0,0,0,0,0,0,0,0,0,0,0,0,0,0,0,0,0,0
https://coronavirus.bg/bg/news/275,26-05-2020,10,0,0,0,0,0,0,0,0,0,0,0,0,0,0,0,0,0,0,0,0,0
https://coronavirus.bg/bg/news/273,24-05-2020,19,3,0,0,0,0,0,0,1,0,0,0,0,0,0,0,0,2,0,0,0,0
https://coronavirus.bg/bg/news/272,23-05-2020,36,0,0,0,0,0,0,0,0,0,0,0,0,0,0,0,0,0,0,0,0,0
https://coronavirus.bg/bg/news/268,22-05-2020,41,3,0,0,0,0,0,0,0,0,0,0,0,0,0,2,0,1,0,0,0,0
https://coronavirus.bg/bg/news/256,20-05-2020,33,2,0,0,0,0,0,0,0,0,0,0,1,0,0,0,1,0,0,0,0,0
https://coronavirus.bg/bg/news/252,19-05-2020,24,1,0,0,0,0,0,0,0,0,0,0,0,0,0,0,0,1,0,0,0,0
https://coronavirus.bg/bg/news/249,17-05-2020,36,2,0,0,0,0,0,0,1,0,0,0,0,0,0,0,1,0,0,0,0,0
https://coronavirus.bg/bg/news/250,18-05-2020,24,2,0,0,0,0,0,0,0,0,0,0,0,0,0,1,0,1,0,0,0,0
https://coronavirus.bg/bg/news/241,15-05-2020,38,2,0,0,0,0,0,0,0,0,0,0,0,1,0,1,0,0,0,0,0,0
https://coronavirus.bg/bg/news/210,08-05-2020,54,0,0,0,0,0,0,0,0,0,0,0,0,0,0,0,0,0,0,0,0,0
https://coronavirus.bg/bg/news/214,09-05-2020,46,1,0,0,0,0,0,0,0,0,0,0,0,0,0,0,0,0,0,1,0,0
https://coronavirus.bg/bg/news/200,07-05-2020,53,0,0,0,0,0,0,0,0,0,0,0,0,0,0,0,0,0,0,0,0,0
https://coronavirus.bg/bg/news/190,05-05-2020,57,0,0,0,0,0,0,0,0,0,0,0,0,0,0,0,0,0,0,0,0,0
https://coronavirus.bg/bg/news/2900,18-11-2021,2839,164,0,0,0,0,0,0,0,1,3,2,3,13,11,19,31,34,21,17,9,0
https://coronavirus.bg/bg/news/2909,19-11-2021,2785,144,0,0,0,0,1,0,0,1,1,1,3,9,13,20,28,36,13,13,3,1
https://coronavirus.bg/bg/news/2919,20-11-2021,2785,139,0,0,0,0,0,2,0,1,1,4,6,5,8,19,26,35,15,15,2,0
https://coronavirus.bg/bg/news/2923,22-11-2021,733,73,0,0,0,0,0,1,0,0,3,1,4,3,6,9,22,9,10,5,0,0
https://coronavirus.bg/bg/news/2922,21-11-2021,1455,56,0,0,0,1,1,0,1,0,2,1,3,2,4,12,4,12,6,5,2,0
https://coronavirus.bg/bg/news/2928,23-11-2021,3462,254,0,0,1,0,0,0,0,0,1,10,5,14,27,37,50,44,37,24,3,1
https://coronavirus.bg/bg/news/2934,24-11-2021,3233,151,0,0,0,0,0,0,2,0,3,6,7,8,6,28,25,28,21,15,2,0
https://coronavirus.bg/bg/news/2943,25-11-2021,2569,120,0,0,0,0,0,2,0,1,3,7,5,7,13,10,22,19,20,6,5,0
https://coronavirus.bg/bg/news/2950,26-11-2021,2370,113,0,0,0,0,0,0,0,2,2,1,3,5,11,15,28,16,21,7,2,0
https://coronavirus.bg/bg/news/2960,27-11-2021,2488,105,0,0,0,0,0,0,0,0,4,2,1,6,10,9,26,17,14,13,3,0
https://coronavirus.bg/bg/news/2970,29-11-2021,728,58,0,0,0,0,0,0,1,0,0,1,0,2,5,10,8,15,10,4,2,0
https://coronavirus.bg/bg/news/2966,28-11-2021,1218,47,0,0,0,0,0,0,0,0,1,1,1,2,3,10,8,6,8,4,3,0
https://coronavirus.bg/bg/news/2987,01-12-2021,2681,128,0,0,0,0,0,0,0,3,2,6,4,4,10,17,17,28,24,8,4,1
https://coronavirus.bg/bg/news/2982,30-11-2021,3020,225,0,0,0,0,0,0,1,3,6,4,3,12,27,26,43,37,31,25,7,0
https://coronavirus.bg/bg/news/3000,02-12-2021,2105,89,0,0,0,0,0,0,1,0,0,3,2,4,6,13,16,20,15,7,1,1
https://coronavirus.bg/bg/news/3007,03-12-2021,2018,114,0,0,0,0,0,0,1,3,1,3,5,7,13,29,16,14,13,7,2,0
https://coronavirus.bg/bg/news/3014,04-12-2021,2289,113,0,0,0,0,0,0,0,0,1,2,2,5,13,15,22,17,22,14,0,0
https://coronavirus.bg/bg/news/3016,05-12-2021,985,36,0,0,0,0,0,0,0,0,0,0,0,5,5,4,6,9,6,0,1,0
https://coronavirus.bg/bg/news/3020,06-12-2021,706,47,0,0,0,0,0,0,0,1,1,1,0,2,4,5,11,10,5,4,2,1
https://coronavirus.bg/bg/news/3029,08-12-2021,2299,104,0,0,0,0,0,0,0,2,0,3,4,6,6,18,10,16,18,15,6,0
https://coronavirus.bg/bg/news/3026,07-12-2021,2426,208,0,0,0,0,1,0,0,2,1,5,8,11,20,29,43,44,28,12,4,0
https://coronavirus.bg/bg/news/3034,09-12-2021,1652,116,0,0,0,0,0,0,0,2,1,1,6,8,13,9,20,26,16,10,3,1
https://coronavirus.bg/bg/news/3039,10-12-2021,1827,103,0,0,0,0,0,0,0,2,0,0,5,3,12,15,18,20,16,9,3,0
https://coronavirus.bg/bg/news/3043,11-12-2021,1719,77,0,0,0,0,0,0,0,2,1,2,4,1,9,12,11,17,11,6,1,0
https://coronavirus.bg/bg/news/3047,13-12-2021,532,50,0,0,0,0,0,0,1,0,0,0,2,4,2,5,15,6,7,8,0,0
https://coronavirus.bg/bg/news/3046,12-12-2021,1073,27,0,0,0,0,0,0,0,0,1,0,1,1,2,1,8,3,7,2,1,0
https://coronavirus.bg/bg/news/3049,14-12-2021,1959,152,0,0,0,0,0,0,0,2,1,1,5,6,20,24,25,30,17,14,7,0
https://coronavirus.bg/bg/news/3054,15-12-2021,2004,76,0,0,0,0,0,0,0,1,0,1,4,2,6,13,18,17,9,5,0,0
https://coronavirus.bg/bg/news/3057,16-12-2021,1725,83,0,0,0,0,0,0,1,0,1,1,2,2,11,12,17,20,10,5,1,0
https://coronavirus.bg/bg/news/3067,17-12-2021,1443,86,0,0,0,0,0,1,0,1,0,0,0,5,8,15,23,13,15,5,0,0
https://coronavirus.bg/bg/news/3077,18-12-2021,1614,81,0,0,0,0,0,0,0,0,1,1,3,5,3,9,21,15,9,8,5,1
https://coronavirus.bg/bg/news/3081,19-12-2021,904,33,0,0,0,0,0,0,0,0,0,1,0,0,3,5,8,7,5,2,1,1
https://coronavirus.bg/bg/news/3085,20-12-2021,456,35,0,0,0,0,0,0,0,0,0,0,1,4,1,4,3,7,5,9,1,0
https://coronavirus.bg/bg/news/3098,22-12-2021,1883,65,0,0,0,0,0,1,0,1,1,3,2,2,5,11,10,11,10,6,2,0
https://coronavirus.bg/bg/news/3092,21-12-2021,2001,157,0,0,1,0,0,0,0,3,4,4,3,7,17,16,32,26,29,11,4,0
https://coronavirus.bg/bg/news/3104,23-12-2021,1463,56,0,0,0,0,0,0,0,0,0,1,1,1,6,10,11,7,12,6,1,0
https://coronavirus.bg/bg/news/3111,25-12-2021,1033,40,0,0,0,0,0,0,0,0,0,1,0,2,5,5,6,8,9,3,0,1
https://coronavirus.bg/bg/news/3110,24-12-2021,1966,77,0,0,0,0,0,0,0,2,3,3,2,3,6,8,14,16,10,7,2,1
https://coronavirus.bg/bg/news/3113,26-12-2021,743,52,0,0,0,0,0,0,0,0,1,1,1,2,6,8,7,12,12,1,1,0
https://coronavirus.bg/bg/news/3114,27-12-2021,838,46,0,0,0,0,0,0,0,0,0,3,0,1,4,4,8,11,8,5,1,1
https://coronavirus.bg/bg/news/3117,29-12-2021,1235,34,0,0,0,0,0,0,0,1,1,0,0,3,1,8,4,11,3,1,1,0
https://coronavirus.bg/bg/news/3115,28-12-2021,1278,49,0,0,0,0,0,0,0,0,0,0,1,2,6,2,14,7,9,7,1,0
https://coronavirus.bg/bg/news/3119,30-12-2021,3449,162,0,0,0,0,0,1,1,3,1,2,7,8,12,18,35,30,25,13,5,1
https://coronavirus.bg/bg/news/3127,31-12-2021,3616,71,0,0,0,0,0,1,0,0,1,0,3,3,6,13,18,12,4,7,3,0
https://coronavirus.bg/bg/news/3130,01-01-2022,2810,65,0,0,0,0,0,0,0,0,2,2,2,3,4,10,11,16,6,7,1,1
https://coronavirus.bg/bg/news/3131,02-01-2022,1076,28,0,0,0,0,0,0,0,0,1,0,0,2,2,5,4,6,5,3,0,0
https://coronavirus.bg/bg/news/3133,03-01-2022,1356,44,0,0,0,0,0,0,0,0,0,0,2,3,3,9,10,6,6,3,2,0
https://coronavirus.bg/bg/news/3137,05-01-2022,6252,157,0,0,0,0,0,0,0,0,0,1,5,8,14,16,22,32,31,21,6,1
https://coronavirus.bg/bg/news/3134,04-01-2022,1918,53,0,0,0,0,0,0,1,0,1,2,2,2,2,6,14,8,7,7,1,0
https://coronavirus.bg/bg/news/3147,07-01-2022,5525,72,0,0,0,0,0,0,0,0,0,2,4,2,7,8,10,13,20,3,3,0
https://coronavirus.bg/bg/news/3142,06-01-2022,6766,65,0,0,0,0,0,0,0,0,1,1,2,6,5,7,17,10,6,8,2,0
https://coronavirus.bg/bg/news/3153,08-01-2022,5524,96,0,0,0,0,0,0,1,3,1,0,2,3,7,13,23,20,12,10,1,0
https://coronavirus.bg/bg/news/3156,09-01-2022,3176,45,0,0,0,0,0,0,0,0,0,2,0,0,3,7,11,7,8,5,1,1
https://coronavirus.bg/bg/news/3157,10-01-2022,1716,40,0,0,0,0,0,0,0,0,1,0,0,2,6,5,8,9,6,2,1,0
https://coronavirus.bg/bg/news/3168,12-01-2022,7062,91,0,0,0,0,0,0,0,0,1,1,4,3,10,14,13,17,17,9,2,0
https://coronavirus.bg/bg/news/3161,11-01-2022,6761,116,0,0,0,0,0,0,0,3,2,3,4,6,5,14,16,23,24,15,1,0
https://coronavirus.bg/bg/news/3173,13-01-2022,5703,77,0,0,0,0,0,1,0,0,0,2,1,6,6,9,17,13,10,11,1,0
https://coronavirus.bg/bg/news/3178,14-01-2022,7034,84,0,0,0,0,0,0,0,0,2,2,4,7,9,9,18,14,6,11,2,0
https://coronavirus.bg/bg/news/3186,15-01-2022,6863,80,0,0,0,0,0,0,0,0,2,0,2,8,8,9,21,12,10,6,2,0
https://coronavirus.bg/bg/news/3187,16-01-2022,4389,40,0,0,0,0,0,0,0,0,0,1,0,2,4,8,8,7,7,3,0,0
https://coronavirus.bg/bg/news/3191,18-01-2022,9996,161,0,0,0,0,0,0,1,2,1,2,5,13,13,22,35,24,24,15,3,1
https://coronavirus.bg/bg/news/3188,17-01-2022,2379,44,0,0,0,0,0,0,0,0,0,2,0,2,4,8,8,5,8,4,3,0
https://coronavirus.bg/bg/news/3197,20-01-2022,10160,93,0,0,0,0,0,0,0,0,0,4,4,6,3,12,21,11,20,8,4,0
https://coronavirus.bg/bg/news/3193,19-01-2022,11181,92,0,0,0,0,0,2,1,0,0,7,4,5,10,9,11,17,15,10,1,0
https://coronavirus.bg/bg/news/3201,21-01-2022,8932,88,0,0,0,0,0,0,0,0,0,4,2,4,6,10,21,17,14,9,1,0
https://coronavirus.bg/bg/news/3213,24-01-2022,2847,28,0,0,0,0,0,0,0,0,0,1,2,0,1,3,4,4,8,3,2,0
https://coronavirus.bg/bg/news/3211,22-01-2022,9874,86,0,0,0,0,0,0,0,2,1,1,1,6,6,12,14,16,17,7,2,1
https://coronavirus.bg/bg/news/3212,23-01-2022,6630,32,0,0,0,0,0,0,0,0,1,0,0,3,2,2,5,8,4,7,0,0
https://coronavirus.bg/bg/news/3224,26-01-2022,12399,73,0,0,0,0,0,0,0,0,0,0,0,3,10,5,13,19,11,8,4,0
https://coronavirus.bg/bg/news/3219,25-01-2022,11049,132,0,0,0,0,0,0,0,0,3,7,2,10,11,11,28,22,19,14,5,0
https://coronavirus.bg/bg/news/3227,27-01-2022,9916,70,0,0,0,0,0,0,0,1,3,1,1,4,5,8,16,14,7,9,1,0
https://coronavirus.bg/bg/news/3235,29-01-2022,9871,71,0,0,0,0,0,0,0,2,0,2,2,2,1,5,16,16,7,14,3,1
https://coronavirus.bg/bg/news/3229,28-01-2022,9874,78,0,0,0,0,0,0,0,0,0,0,3,2,9,9,17,16,15,7,0,0
https://coronavirus.bg/bg/news/3237,30-01-2022,5875,33,1,0,0,0,0,0,0,1,0,1,1,1,3,7,7,4,6,1,0,0
https://coronavirus.bg/bg/news/3238,31-01-2022,2602,39,0,0,0,0,0,0,1,1,0,0,2,0,4,6,5,7,9,3,1,0
https://coronavirus.bg/bg/news/3240,01-02-2022,10151,158,0,0,0,0,0,0,0,4,5,1,1,5,12,21,39,27,18,17,8,0
https://coronavirus.bg/bg/news/3241,02-02-2022,11143,87,0,0,0,0,0,1,1,0,1,1,1,4,5,11,14,19,14,14,1,0
https://coronavirus.bg/bg/news/3245,03-02-2022,9152,87,0,0,0,0,0,0,0,1,2,3,3,12,7,6,20,16,11,3,3,0
https://coronavirus.bg/bg/news/3248,04-02-2022,8142,96,0,0,0,0,0,0,0,0,0,1,4,6,6,9,16,20,17,11,4,2
https://coronavirus.bg/bg/news/3251,05-02-2022,8116,100,0,0,0,0,0,0,1,0,0,0,3,2,8,11,18,21,13,19,3,1
https://coronavirus.bg/bg/news/3254,06-02-2022,4737,40,0,0,0,0,0,0,0,0,0,0,0,2,2,7,9,8,7,5,0,0
https://coronavirus.bg/bg/news/3255,07-02-2022,2181,42,0,0,0,0,0,0,1,0,1,1,2,1,3,2,4,9,6,9,3,0
https://coronavirus.bg/bg/news/3261,09-02-2022,8140,98,0,0,0,0,0,1,0,0,1,1,2,2,3,14,20,17,17,16,4,0
https://coronavirus.bg/bg/news/3259,08-02-2022,8012,176,0,0,0,0,0,0,0,1,4,1,2,10,12,24,42,32,31,13,4,0
https://coronavirus.bg/bg/news/3264,10-02-2022,7263,108,0,0,0,0,0,0,0,0,1,2,2,6,6,16,27,11,19,15,3,0
https://coronavirus.bg/bg/news/3267,11-02-2022,6278,76,0,0,0,0,0,0,0,1,0,2,1,2,5,11,13,11,16,11,3,0
https://coronavirus.bg/bg/news/3271,12-02-2022,6531,86,0,0,0,0,0,0,0,0,0,1,7,3,7,11,9,17,7,18,4,2
https://coronavirus.bg/bg/news/3272,13-02-2022,3625,45,0,0,0,0,0,0,0,0,0,0,0,0,5,6,8,10,8,6,2,0
https://coronavirus.bg/bg/news/3273,14-02-2022,1539,45,0,0,0,0,0,0,0,0,0,0,1,3,1,5,9,10,8,5,1,2
https://coronavirus.bg/bg/news/3279,16-02-2022,6589,95,0,0,0,0,0,0,0,1,1,0,1,6,7,7,12,21,23,12,4,0
https://coronavirus.bg/bg/news/3275,15-02-2022,6130,187,1,0,0,0,0,0,0,0,1,2,2,6,12,22,25,39,41,29,7,0
https://coronavirus.bg/bg/news/3281,17-02-2022,5023,93,0,0,0,0,0,0,0,0,1,1,2,5,12,7,9,15,17,18,4,2
https://coronavirus.bg/bg/news/3285,18-02-2022,4626,106,0,0,0,0,0,0,0,0,1,0,2,1,5,12,15,31,17,15,6,1
https://coronavirus.bg/bg/news/3291,19-02-2022,4616,89,1,0,0,0,0,0,0,0,1,0,1,2,4,15,18,16,12,11,7,1
https://coronavirus.bg/bg/news/3293,20-02-2022,2605,25,0,0,0,0,0,0,0,0,0,0,0,0,1,5,7,5,2,4,1,0
https://coronavirus.bg/bg/news/3294,21-02-2022,1235,44,0,0,0,0,0,0,0,1,1,0,2,0,5,5,7,8,8,2,5,0
https://coronavirus.bg/bg/news/3301,23-02-2022,4667,61,1,0,0,0,0,0,0,1,0,0,2,3,3,8,7,8,11,10,5,2
https://coronavirus.bg/bg/news/3296,22-02-2022,4845,143,0,0,0,0,0,1,0,0,1,3,3,7,12,20,21,31,16,21,7,0
https://coronavirus.bg/bg/news/3303,24-02-2022,3411,53,0,0,0,0,0,0,0,0,0,0,1,4,2,4,11,12,11,5,2,1
https://coronavirus.bg/bg/news/3305,25-02-2022,2854,59,0,0,0,0,0,0,0,0,0,0,0,1,4,7,17,14,7,7,2,0
https://coronavirus.bg/bg/news/3309,26-02-2022,2903,76,0,0,0,0,0,0,1,0,0,0,0,3,4,11,13,22,13,7,1,1
https://coronavirus.bg/bg/news/3311,28-02-2022,724,24,0,0,0,0,0,0,0,0,0,1,0,0,4,2,5,6,3,2,1,0
https://coronavirus.bg/bg/news/3310,27-02-2022,1468,25,0,0,0,0,0,0,0,0,0,0,0,1,1,0,7,4,3,8,0,1
https://coronavirus.bg/bg/news/3316,02-03-2022,2641,56,0,0,0,0,0,0,0,0,1,0,0,3,3,6,6,14,13,4,4,2
https://coronavirus.bg/bg/news/3313,01-03-2022,2759,101,0,0,0,0,0,0,0,0,0,1,1,0,4,13,15,24,26,13,4,0
https://coronavirus.bg/bg/news/3318,03-03-2022,2274,59,0,0,0,0,0,0,0,0,0,0,0,1,4,7,18,10,11,7,1,0
https://coronavirus.bg/bg/news/3319,04-03-2022,1104,20,0,0,0,0,0,0,0,0,1,0,1,0,1,1,4,4,3,5,0,0
https://coronavirus.bg/bg/news/3323,05-03-2022,2125,74,0,0,0,0,0,0,0,0,0,0,1,3,2,6,17,17,12,10,5,1
https://coronavirus.bg/bg/news/3325,07-03-2022,515,21,0,0,0,0,0,0,0,0,0,0,0,2,0,3,3,4,6,3,0,0
https://coronavirus.bg/bg/news/3324,06-03-2022,1388,21,0,0,0,0,0,0,0,0,0,0,1,0,1,1,3,7,3,3,2,0
https://coronavirus.bg/bg/news/3327,08-03-2022,2462,91,0,0,0,0,0,0,1,0,1,1,1,1,7,7,17,24,16,10,4,1
https://coronavirus.bg/bg/news/3328,09-03-2022,2180,41,0,0,0,0,0,0,0,0,1,1,0,1,4,4,5,6,9,7,2,1
https://coronavirus.bg/bg/news/3334,10-03-2022,1920,31,0,0,0,0,0,0,0,0,0,0,1,0,1,1,7,4,6,8,3,0
https://coronavirus.bg/bg/news/3335,11-03-2022,1693,33,0,0,0,0,0,0,0,0,0,0,2,0,1,6,6,3,12,3,0,0
https://coronavirus.bg/bg/news/3338,12-03-2022,1635,41,0,0,0,0,0,0,0,0,0,0,1,1,1,10,4,7,8,7,2,0
https://coronavirus.bg/bg/news/3339,13-03-2022,960,15,0,0,0,0,0,0,0,0,0,0,0,0,1,1,2,4,4,3,0,0
https://coronavirus.bg/bg/news/3340,14-03-2022,523,14,0,0,0,0,0,0,0,0,0,0,0,1,0,2,1,5,2,1,2,0
https://coronavirus.bg/bg/news/3350,18-03-2022,1720,26,0,0,0,0,0,0,0,0,0,1,0,0,1,3,2,9,4,4,2,0
https://coronavirus.bg/bg/news/3353,20-03-2022,919,6,0,0,0,0,0,0,0,0,0,1,0,0,0,2,0,1,1,1,0,0
https://coronavirus.bg/bg/news/3354,21-03-2022,472,10,0,0,0,0,0,0,0,0,0,0,0,1,0,4,1,1,1,2,0,0
https://coronavirus.bg/bg/news/3357,22-03-2022,1960,48,0,0,0,0,0,0,0,0,0,1,3,1,3,1,8,10,13,7,1,0
https://coronavirus.bg/bg/news/3361,24-03-2022,1552,25,0,0,0,0,0,0,0,0,0,0,0,0,2,5,3,4,3,8,0,0
https://coronavirus.bg/bg/news/3358,23-03-2022,1943,20,0,0,0,0,0,0,0,0,0,0,0,1,0,3,4,2,2,7,1,0
https://coronavirus.bg/bg/news/3365,25-03-2022,1424,21,0,0,0,0,0,0,0,0,1,0,0,0,0,0,1,4,6,8,1,0
https://coronavirus.bg/bg/news/3369,26-03-2022,1333,29,0,0,0,0,0,0,0,0,0,0,1,2,2,3,5,6,6,4,0,0
https://coronavirus.bg/bg/news/3372,28-03-2022,362,8,0,0,0,0,0,0,0,0,0,0,0,0,0,1,1,0,2,3,1,0
https://coronavirus.bg/bg/news/3371,27-03-2022,704,4,0,0,0,0,0,0,0,0,0,0,0,1,0,0,1,1,0,1,0,0
https://coronavirus.bg/bg/news/3376,30-03-2022,1698,18,0,0,0,0,0,0,0,0,0,0,0,0,0,3,6,1,4,3,1,0
https://coronavirus.bg/bg/news/3374,29-03-2022,1442,43,0,0,0,0,0,0,0,0,1,0,0,1,3,3,9,12,5,5,2,2
https://coronavirus.bg/bg/news/3383,01-04-2022,1143,17,0,0,0,0,0,0,0,0,0,0,1,0,0,1,3,3,3,5,1,0
https://coronavirus.bg/bg/news/3381,31-03-2022,1176,14,0,0,0,0,0,1,0,0,0,1,1,2,0,2,2,2,1,2,0,0
https://coronavirus.bg/bg/news/3386,02-04-2022,1033,25,0,0,0,0,0,0,0,0,1,0,1,1,3,2,4,4,3,4,2,0
https://coronavirus.bg/bg/news/3389,04-04-2022,226,3,0,0,0,0,0,0,0,0,0,0,0,0,0,1,0,1,0,0,1,0
https://coronavirus.bg/bg/news/3387,03-04-2022,497,11,0,0,0,0,0,0,0,0,0,0,0,0,1,0,3,4,2,1,0,0
https://coronavirus.bg/bg/news/3391,05-04-2022,1180,40,0,0,0,0,0,1,0,0,0,0,1,0,3,6,3,9,13,3,1,0
https://coronavirus.bg/bg/news/3394,06-04-2022,839,28,0,0,0,0,0,0,0,0,0,0,0,3,1,5,6,6,3,3,0,1
https://coronavirus.bg/bg/news/3396,08-04-2022,683,17,0,0,0,0,0,0,0,0,0,0,0,1,0,0,6,2,4,3,1,0
https://coronavirus.bg/bg/news/3395,07-04-2022,726,19,0,0,0,0,0,0,0,0,1,0,0,0,4,2,2,2,2,6,0,0
https://coronavirus.bg/bg/news/3400,10-04-2022,321,7,0,0,0,0,0,0,0,0,0,0,0,0,0,0,1,1,2,3,0,0
https://coronavirus.bg/bg/news/3399,09-04-2022,715,13,0,0,0,0,0,0,0,0,1,0,0,1,0,1,3,3,2,2,0,0
https://coronavirus.bg/bg/news/3401,11-04-2022,265,8,0,0,0,0,0,0,0,0,0,0,1,0,0,2,1,1,3,0,0,0
https://coronavirus.bg/bg/news/3402,12-04-2022,871,30,0,0,0,0,0,0,0,0,0,0,0,0,3,1,5,9,6,5,1,0
https://coronavirus.bg/bg/news/3404,13-04-2022,886,10,0,0,0,0,0,0,0,0,0,0,0,0,1,0,2,1,3,1,2,0
https://coronavirus.bg/bg/news/3405,14-04-2022,647,16,0,0,0,0,0,0,0,0,0,0,0,0,1,0,5,4,5,0,1,0
https://coronavirus.bg/bg/news/3407,15-04-2022,550,8,0,0,0,0,0,0,0,0,0,0,0,1,1,0,1,0,3,1,0,1
https://coronavirus.bg/bg/news/3409,16-04-2022,609,17,0,0,0,0,0,0,0,0,0,0,0,2,3,1,2,3,3,2,1,0
https://coronavirus.bg/bg/news/3410,17-04-2022,254,1,0,0,0,0,0,0,0,0,0,0,0,0,0,0,1,0,0,0,0,0
https://coronavirus.bg/bg/news/3411,18-04-2022,222,2,0,0,0,0,0,0,0,0,0,0,0,0,0,1,0,1,0,0,0,0
https://coronavirus.bg/bg/news/3412,19-04-2022,895,26,0,0,0,0,0,0,0,0,0,0,2,1,2,1,4,6,1,6,2,1
https://coronavirus.bg/bg/news/3414,21-04-2022,609,11,0,0,0,0,0,0,0,0,0,0,0,0,0,1,1,4,3,1,1,0
https://coronavirus.bg/bg/news/3413,20-04-2022,669,6,0,0,0,0,0,0,0,0,0,1,0,0,0,0,2,1,1,1,0,0
https://coronavirus.bg/bg/news/3416,22-04-2022,631,11,0,0,0,0,0,0,0,0,0,0,0,0,0,1,2,2,2,2,2,0
https://coronavirus.bg/bg/news/3417,23-04-2022,287,4,0,0,0,0,0,0,0,0,0,0,1,0,0,2,0,0,0,1,0,0
https://coronavirus.bg/bg/news/3418,24-04-2022,354,7,0,0,0,0,0,0,0,0,0,0,0,0,1,3,1,0,0,2,0,0
https://coronavirus.bg/bg/news/3419,25-04-2022,237,5,0,0,0,0,0,0,0,0,0,0,0,0,1,1,0,0,1,2,0,0
https://coronavirus.bg/bg/news/3420,26-04-2022,377,2,0,0,0,0,0,0,0,0,0,0,0,1,0,0,0,0,0,1,0,0
https://coronavirus.bg/bg/news/3423,28-04-2022,741,8,0,0,0,0,0,0,0,0,0,0,0,0,0,0,1,2,2,3,0,0
https://coronavirus.bg/bg/news/3422,27-04-2022,1140,23,0,0,0,0,0,1,0,0,0,0,0,1,2,2,3,6,2,4,2,0
https://coronavirus.bg/bg/news/3425,29-04-2022,588,14,0,0,0,0,0,0,0,1,0,0,0,0,0,0,0,6,3,4,0,0
https://coronavirus.bg/bg/news/3426,30-04-2022,491,10,0,0,0,0,0,0,0,0,0,0,1,0,1,1,1,1,4,1,0,0
https://coronavirus.bg/bg/news/3427,01-05-2022,263,2,0,0,0,0,0,0,0,0,0,0,0,0,0,0,0,2,0,0,0,0
https://coronavirus.bg/bg/news/3428,02-05-2022,242,5,0,0,0,0,0,0,0,0,0,0,0,0,0,0,2,1,1,1,0,0
https://coronavirus.bg/bg/news/3429,03-05-2022,228,2,0,0,0,0,0,0,0,0,0,0,0,0,0,0,1,0,1,0,0,0
https://coronavirus.bg/bg/news/3431,05-05-2022,435,6,0,0,0,0,0,0,0,0,0,0,0,1,0,0,2,1,1,1,0,0
https://coronavirus.bg/bg/news/3430,04-05-2022,720,27,0,0,0,0,0,0,0,0,0,0,1,3,0,3,8,5,1,3,0,3
https://coronavirus.bg/bg/news/3433,06-05-2022,439,12,0,0,0,0,0,0,0,0,0,0,0,0,0,2,2,3,2,2,1,0
https://coronavirus.bg/bg/news/3434,07-05-2022,156,0,0,0,0,0,0,0,0,0,0,0,0,0,0,0,0,0,0,0,0,0
https://coronavirus.bg/bg/news/3435,08-05-2022,201,1,0,0,0,0,0,0,0,0,0,0,0,0,0,0,0,0,0,1,0,0
https://coronavirus.bg/bg/news/3436,09-05-2022,151,7,0,0,0,0,0,0,0,0,0,0,1,0,0,1,0,2,0,3,0,0
https://coronavirus.bg/bg/news/3437,10-05-2022,624,21,0,0,0,0,0,0,0,0,0,0,0,0,2,0,7,6,2,4,0,0
https://coronavirus.bg/bg/news/3439,11-05-2022,422,13,0,0,0,0,0,0,0,0,0,0,0,0,1,0,3,4,2,1,2,0
https://coronavirus.bg/bg/news/3440,12-05-2022,359,12,0,0,0,0,0,0,0,0,0,0,0,0,0,3,1,5,0,3,0,0
https://coronavirus.bg/bg/news/3441,13-05-2022,332,16,0,0,0,0,0,0,0,0,0,1,2,0,1,2,0,2,1,5,2,0
https://coronavirus.bg/bg/news/3443,14-05-2022,313,8,0,0,0,0,0,0,0,0,0,0,0,0,0,0,3,0,3,2,0,0
https://coronavirus.bg/bg/news/3444,15-05-2022,153,2,0,0,0,0,0,0,0,0,0,0,0,0,1,0,1,0,0,0,0,0
https://coronavirus.bg/bg/news/3445,16-05-2022,126,3,0,0,0,0,0,0,0,0,0,0,0,0,0,0,0,1,1,0,0,1
https://coronavirus.bg/bg/news/3446,17-05-2022,362,11,0,0,0,0,0,0,0,0,0,0,0,1,0,0,3,2,2,3,0,0
https://coronavirus.bg/bg/news/3447,18-05-2022,457,6,0,0,0,0,0,0,0,0,0,0,1,0,1,0,1,2,1,0,0,0
https://coronavirus.bg/bg/news/3448,19-05-2022,275,6,0,0,0,0,0,0,0,0,0,1,1,0,0,0,0,0,2,2,0,0
https://coronavirus.bg/bg/news/3450,20-05-2022,262,7,0,0,0,0,0,0,0,0,0,0,0,1,1,1,0,1,0,2,1,0
https://coronavirus.bg/bg/news/3452,21-05-2022,239,9,0,0,0,0,0,0,0,0,0,0,0,1,0,0,3,3,1,1,0,0
https://coronavirus.bg/bg/news/3453,22-05-2022,92,3,0,0,0,0,0,0,0,0,0,0,0,0,2,0,1,0,0,0,0,0
https://coronavirus.bg/bg/news/3454,23-05-2022,96,3,0,0,0,0,0,0,0,0,0,0,0,0,0,0,0,3,0,0,0,0
https://coronavirus.bg/bg/news/3456,25-05-2022,100,3,0,0,0,0,0,0,0,0,0,0,0,0,0,0,2,0,1,0,0,0
https://coronavirus.bg/bg/news/3455,24-05-2022,293,13,0,0,0,0,0,0,0,0,0,0,0,1,0,3,2,1,1,5,0,0
https://coronavirus.bg/bg/news/3460,27-05-2022,236,6,0,0,0,0,0,0,0,0,0,0,0,0,1,0,0,3,1,1,0,0
https://coronavirus.bg/bg/news/3459,26-05-2022,316,6,0,0,0,0,0,0,0,0,0,0,0,0,0,0,2,2,1,1,0,0
https://coronavirus.bg/bg/news/3462,28-05-2022,168,11,0,0,0,0,0,0,0,0,0,1,0,2,0,1,1,2,3,1,0,0
https://coronavirus.bg/bg/news/3463,29-05-2022,133,1,0,0,0,0,0,0,0,0,0,0,0,0,0,0,0,0,1,0,0,0
https://coronavirus.bg/bg/news/3464,30-05-2022,73,0,0,0,0,0,0,0,0,0,0,0,0,0,0,0,0,0,0,0,0,0
https://coronavirus.bg/bg/news/3465,31-05-2022,253,11,0,0,0,0,0,0,0,0,0,0,0,0,2,1,0,2,2,3,1,0
https://coronavirus.bg/bg/news/3468,02-06-2022,189,2,0,0,0,0,0,0,0,0,0,0,0,0,0,1,0,0,0,0,1,0
https://coronavirus.bg/bg/news/3467,01-06-2022,182,3,0,0,0,0,0,0,0,0,1,0,0,0,0,0,1,1,0,0,0,0
https://coronavirus.bg/bg/news/3470,03-06-2022,182,3,0,0,0,0,0,0,0,0,0,0,0,0,0,1,0,1,1,0,0,0
https://coronavirus.bg/bg/news/3471,04-06-2022,189,10,0,0,0,0,0,0,0,0,0,0,0,1,1,2,3,1,1,1,0,0
https://coronavirus.bg/bg/news/3472,05-06-2022,80,0,0,0,0,0,0,0,0,0,0,0,0,0,0,0,0,0,0,0,0,0
https://coronavirus.bg/bg/news/3473,06-06-2022,49,0,0,0,0,0,0,0,0,0,0,0,0,0,0,0,0,0,0,0,0,0
https://coronavirus.bg/bg/news/3474,07-06-2022,292,19,0,0,0,0,0,0,0,0,0,0,0,1,2,1,2,3,0,6,4,0
https://coronavirus.bg/bg/news/3476,08-06-2022,168,2,0,0,0,0,0,0,0,0,0,0,0,0,0,0,0,0,0,1,1,0
https://coronavirus.bg/bg/news/3477,09-06-2022,160,4,0,0,0,0,0,0,0,0,0,0,0,0,0,0,0,2,0,1,1,0
https://coronavirus.bg/bg/news/3479,11-06-2022,188,2,0,0,0,0,0,0,0,0,0,0,0,0,0,0,2,0,0,0,0,0
https://coronavirus.bg/bg/news/3478,10-06-2022,113,6,0,0,0,0,0,0,0,0,0,0,0,0,1,0,1,1,1,1,1,0
https://coronavirus.bg/bg/news/3480,12-06-2022,82,0,0,0,0,0,0,0,0,0,0,0,0,0,0,0,0,0,0,0,0,0
https://coronavirus.bg/bg/news/3481,13-06-2022,42,0,0,0,0,0,0,0,0,0,0,0,0,0,0,0,0,0,0,0,0,0
https://coronavirus.bg/bg/news/3482,14-06-2022,246,8,0,0,0,0,0,0,0,0,0,0,1,1,0,0,2,1,0,2,1,0
https://coronavirus.bg/bg/news/3485,16-06-2022,152,4,0,0,0,0,0,0,0,0,0,0,0,0,1,0,1,0,1,0,1,0
https://coronavirus.bg/bg/news/3483,15-06-2022,167,2,0,0,0,0,0,0,0,0,0,0,0,0,1,0,0,1,0,0,0,0
https://coronavirus.bg/bg/news/3487,17-06-2022,240,9,0,0,0,0,0,0,0,0,0,0,0,0,0,2,0,3,3,0,1,0
https://coronavirus.bg/bg/news/3488,18-06-2022,208,4,0,0,0,0,0,0,0,0,0,0,0,0,0,1,1,1,1,0,0,0
https://coronavirus.bg/bg/news/3489,19-06-2022,121,1,0,0,0,0,0,0,0,0,0,0,0,0,0,0,0,1,0,0,0,0
https://coronavirus.bg/bg/news/3490,20-06-2022,92,0,0,0,0,0,0,0,0,0,0,0,0,0,0,0,0,0,0,0,0,0
https://coronavirus.bg/bg/news/3491,21-06-2022,381,3,0,0,0,0,0,0,0,0,0,0,1,0,0,0,1,1,0,0,0,0
https://coronavirus.bg/bg/news/3492,22-06-2022,310,3,0,0,0,0,0,0,0,0,0,0,0,0,1,0,1,0,1,0,0,0
https://coronavirus.bg/bg/news/3494,24-06-2022,320,3,0,0,0,0,0,0,0,0,0,0,0,0,1,0,1,0,1,0,0,0
https://coronavirus.bg/bg/news/3493,23-06-2022,336,5,0,0,0,0,0,0,0,0,0,0,0,0,0,0,1,2,1,1,0,0
https://coronavirus.bg/bg/news/3496,25-06-2022,254,8,0,0,0,0,0,0,0,0,0,0,0,0,1,0,2,1,3,1,0,0
https://coronavirus.bg/bg/news/3497,26-06-2022,240,0,0,0,0,0,0,0,0,0,0,0,0,0,0,0,0,0,0,0,0,0
https://coronavirus.bg/bg/news/3498,27-06-2022,123,0,0,0,0,0,0,0,0,0,0,0,0,0,0,0,0,0,0,0,0,0
https://coronavirus.bg/bg/news/3499,28-06-2022,595,1,0,0,0,0,0,0,0,0,0,0,0,0,0,0,0,0,1,0,0,0
https://coronavirus.bg/bg/news/3501,29-06-2022,549,2,0,0,0,0,0,0,0,0,0,0,0,0,0,0,1,0,0,0,1,0
https://coronavirus.bg/bg/news/3503,30-06-2022,532,2,0,0,0,0,0,0,0,0,0,0,0,0,0,0,0,1,0,1,0,0
https://coronavirus.bg/bg/news/3505,01-07-2022,472,4,0,0,0,0,0,0,0,0,0,0,0,0,0,1,0,2,1,0,0,0
https://coronavirus.bg/bg/news/3507,03-07-2022,314,0,0,0,0,0,0,0,0,0,0,0,0,0,0,0,0,0,0,0,0,0
https://coronavirus.bg/bg/news/3506,02-07-2022,538,2,0,0,0,0,0,0,0,0,0,0,0,0,0,0,0,0,2,0,0,0
https://coronavirus.bg/bg/news/3509,05-07-2022,942,3,0,0,0,0,0,0,0,0,0,0,0,0,0,1,0,0,0,1,0,1
https://coronavirus.bg/bg/news/3508,04-07-2022,183,0,0,0,0,0,0,0,0,0,0,0,0,0,0,0,0,0,0,0,0,0
https://coronavirus.bg/bg/news/3511,06-07-2022,866,1,0,0,0,0,0,0,0,0,0,0,0,0,0,0,0,1,0,0,0,0
https://coronavirus.bg/bg/news/3514,08-07-2022,842,1,0,0,0,0,0,0,0,0,0,0,0,0,0,0,0,0,1,0,0,0
https://coronavirus.bg/bg/news/3513,07-07-2022,643,2,0,0,0,0,0,0,0,0,0,0,0,0,0,0,0,1,1,0,0,0
https://coronavirus.bg/bg/news/3516,09-07-2022,1005,2,0,0,0,0,0,0,0,0,0,0,0,0,0,0,1,1,0,0,0,0
https://coronavirus.bg/bg/news/3517,10-07-2022,361,0,0,0,0,0,0,0,0,0,0,0,0,0,0,0,0,0,0,0,0,0
https://coronavirus.bg/bg/news/3518,11-07-2022,256,6,0,0,0,0,0,0,0,0,0,0,0,1,0,0,0,0,1,4,0,0
https://coronavirus.bg/bg/news/3519,12-07-2022,1308,5,0,0,0,0,0,0,0,0,0,0,0,0,0,1,0,1,2,1,0,0
https://coronavirus.bg/bg/news/3520,13-07-2022,1139,2,0,0,0,0,0,0,0,0,0,0,0,0,0,0,0,0,1,0,1,0
https://coronavirus.bg/bg/news/3521,14-07-2022,1021,2,0,0,0,0,0,0,0,0,0,0,0,0,2,0,0,0,0,0,0,0
https://coronavirus.bg/bg/news/3522,15-07-2022,1107,2,0,0,0,0,0,0,0,0,0,0,0,0,0,0,1,0,0,1,0,0
https://coronavirus.bg/bg/news/3524,16-07-2022,1113,6,0,0,0,0,0,0,0,0,0,0,0,0,2,0,0,1,1,0,2,0
https://coronavirus.bg/bg/news/3525,17-07-2022,552,2,0,0,0,0,0,0,0,0,0,0,0,0,0,0,0,0,0,2,0,0
https://coronavirus.bg/bg/news/3526,18-07-2022,417,3,0,0,0,0,0,0,0,0,0,0,0,0,0,0,0,1,2,0,0,0
https://coronavirus.bg/bg/news/3527,19-07-2022,2292,7,0,0,0,0,0,0,0,0,0,2,0,0,0,0,1,3,0,0,1,0
https://coronavirus.bg/bg/news/3528,20-07-2022,1862,6,0,0,0,0,0,0,0,0,0,1,0,0,0,1,2,2,0,0,0,0
https://coronavirus.bg/bg/news/3529,21-07-2022,1644,6,0,0,0,0,0,0,0,0,0,0,0,0,1,0,1,0,2,2,0,0
https://coronavirus.bg/bg/news/3531,22-07-2022,1640,6,0,0,0,0,0,0,0,0,1,0,0,0,1,0,0,0,2,2,0,0
https://coronavirus.bg/bg/news/3532,23-07-2022,1777,10,0,0,0,0,0,0,0,0,0,0,0,0,0,2,2,1,2,3,0,0
https://coronavirus.bg/bg/news/3534,25-07-2022,489,1,0,0,0,0,0,0,0,0,0,0,0,0,0,0,0,0,0,0,1,0
https://coronavirus.bg/bg/news/3533,24-07-2022,822,0,0,0,0,0,0,0,0,0,0,0,0,0,0,0,0,0,0,0,0,0
https://coronavirus.bg/bg/news/3536,26-07-2022,2987,12,0,0,0,0,0,0,0,0,0,0,0,0,2,0,2,1,3,4,0,0
https://coronavirus.bg/bg/news/3537,27-07-2022,2191,8,0,0,0,0,0,0,0,0,1,1,0,0,0,0,2,3,1,0,0,0
https://coronavirus.bg/bg/news/3538,28-07-2022,1944,6,0,0,0,0,0,0,0,0,0,0,0,0,0,0,3,0,2,1,0,0
https://coronavirus.bg/bg/news/3539,29-07-2022,1770,4,0,0,0,0,0,0,0,0,0,0,0,0,0,2,0,0,1,0,0,1
https://coronavirus.bg/bg/news/3540,30-07-2022,1702,12,0,0,0,0,0,0,0,0,0,0,0,0,0,1,1,2,6,2,0,0
https://coronavirus.bg/bg/news/3541,31-07-2022,722,5,0,0,0,0,0,0,0,0,0,0,0,0,0,0,0,0,3,1,1,0
https://coronavirus.bg/bg/news/3543,02-08-2022,2610,24,0,0,0,0,0,0,0,0,0,1,0,3,2,0,4,1,4,6,3,0
https://coronavirus.bg/bg/news/3542,01-08-2022,479,3,0,0,0,0,0,0,0,0,0,0,0,0,0,0,1,0,0,1,1,0
https://coronavirus.bg/bg/news/3545,03-08-2022,1951,10,0,0,0,0,0,0,0,0,0,0,0,0,0,1,3,2,3,0,1,0
https://coronavirus.bg/bg/news/3546,04-08-2022,1701,6,0,0,0,0,0,0,0,0,0,0,0,0,1,0,0,2,0,3,0,0
https://coronavirus.bg/bg/news/3547,05-08-2022,1496,4,0,0,0,0,0,0,0,0,0,0,0,0,0,1,1,1,0,0,1,0
https://coronavirus.bg/bg/news/3549,06-08-2022,1566,5,0,0,0,0,0,0,0,0,0,0,1,0,0,0,1,1,2,0,0,0
https://coronavirus.bg/bg/news/3550,07-08-2022,663,2,0,0,0,0,0,0,0,0,0,0,0,0,0,0,0,0,1,1,0,0
https://coronavirus.bg/bg/news/3551,08-08-2022,411,4,0,0,0,0,0,0,0,0,0,0,0,0,0,0,1,0,1,1,1,0
https://coronavirus.bg/bg/news/3553,10-08-2022,1636,9,0,0,0,0,0,0,0,0,0,0,0,1,1,0,1,1,1,2,2,0
https://coronavirus.bg/bg/news/3552,09-08-2022,2318,16,0,0,0,0,0,0,0,0,0,0,0,0,0,2,0,4,3,3,3,1
https://coronavirus.bg/bg/news/3555,11-08-2022,1429,9,0,0,0,0,0,0,0,0,0,0,0,0,0,0,0,3,3,1,1,1
https://coronavirus.bg/bg/news/3556,12-08-2022,1274,6,0,0,0,0,0,0,0,0,0,0,0,1,0,0,1,1,1,2,0,0
https://coronavirus.bg/bg/news/3557,13-08-2022,1024,10,0,0,0,0,0,0,0,0,0,0,0,0,2,0,2,2,3,1,0,0
https://coronavirus.bg/bg/news/3558,14-08-2022,818,1,0,0,0,0,0,0,0,0,1,0,0,0,0,0,0,0,0,0,0,0
https://coronavirus.bg/bg/news/3560,15-08-2022,166,2,0,0,0,0,0,0,0,0,0,0,0,0,1,1,0,0,0,0,0,0
https://coronavirus.bg/bg/news/3561,16-08-2022,1864,13,0,0,0,0,0,0,0,0,0,0,0,0,1,3,2,2,1,2,2,0
https://coronavirus.bg/bg/news/3562,17-08-2022,1350,13,0,0,0,0,0,0,0,0,0,1,0,0,0,1,2,1,4,2,2,0
https://coronavirus.bg/bg/news/3563,18-08-2022,1189,3,0,0,0,0,0,0,0,0,0,0,0,0,1,0,0,1,0,1,0,0
https://coronavirus.bg/bg/news/3564,19-08-2022,1087,11,0,0,0,0,0,0,0,0,0,1,0,0,1,2,2,1,1,0,3,0
https://coronavirus.bg/bg/news/3565,20-08-2022,1141,12,0,0,0,0,0,0,0,0,1,0,0,1,0,3,2,2,2,1,0,0
https://coronavirus.bg/bg/news/3566,21-08-2022,420,2,0,0,0,0,0,0,0,0,0,0,0,0,0,0,0,1,1,0,0,0
https://coronavirus.bg/bg/news/3567,22-08-2022,290,3,0,0,0,0,0,0,0,0,0,0,0,0,2,0,1,0,0,0,0,0
https://coronavirus.bg/bg/news/3568,23-08-2022,1750,16,0,0,0,0,0,0,0,0,0,0,0,0,0,2,5,3,2,1,3,0
https://coronavirus.bg/bg/news/3570,25-08-2022,968,8,0,0,0,0,0,0,0,0,0,0,1,0,0,0,2,1,2,2,0,0
https://coronavirus.bg/bg/news/3569,24-08-2022,1150,2,0,0,0,0,0,0,0,0,0,0,0,0,0,0,0,1,1,0,0,0
https://coronavirus.bg/bg/news/3572,26-08-2022,903,8,0,0,0,0,0,0,0,0,0,0,0,0,0,0,2,2,2,2,0,0
https://coronavirus.bg/bg/news/3573,27-08-2022,851,6,0,0,0,0,0,0,0,0,0,0,0,0,0,1,0,1,2,2,0,0
https://coronavirus.bg/bg/news/3574,28-08-2022,299,1,0,0,0,0,0,0,0,0,0,0,0,0,0,0,0,1,0,0,0,0
https://coronavirus.bg/bg/news/3575,29-08-2022,189,3,0,0,0,0,0,0,0,0,0,0,0,0,0,0,1,1,0,0,1,0
https://coronavirus.bg/bg/news/3576,30-08-2022,1403,11,0,0,0,0,0,0,0,0,0,0,0,0,0,1,3,3,1,0,2,1
https://coronavirus.bg/bg/news/3577,31-08-2022,860,1,0,0,0,0,0,0,0,0,0,0,0,0,0,0,0,0,1,0,0,0
https://coronavirus.bg/bg/news/3578,01-09-2022,777,3,0,0,0,0,0,0,0,0,0,0,0,0,0,0,0,2,1,0,0,0
https://coronavirus.bg/bg/news/3579,02-09-2022,747,4,0,0,0,0,0,0,0,0,0,0,0,0,0,0,0,3,1,0,0,0
https://coronavirus.bg/bg/news/3582,03-09-2022,672,4,0,0,0,0,0,0,0,0,0,0,0,0,0,0,1,1,1,0,1,0
https://coronavirus.bg/bg/news/3583,04-09-2022,226,0,0,0,0,0,0,0,0,0,0,0,0,0,0,0,0,0,0,0,0,0
https://coronavirus.bg/bg/news/3584,05-09-2022,178,2,0,0,0,0,0,0,0,0,0,0,0,0,0,0,0,0,0,2,0,0
https://coronavirus.bg/bg/news/3586,06-09-2022,724,7,0,0,0,0,0,0,0,0,0,0,0,0,0,1,1,1,3,0,1,0
https://coronavirus.bg/bg/news/3587,07-09-2022,461,1,0,0,0,0,0,0,0,0,0,0,0,0,0,0,0,0,1,0,0,0
https://coronavirus.bg/bg/news/3588,08-09-2022,747,11,0,0,0,0,0,0,0,0,0,0,0,0,0,1,4,2,2,2,0,0
https://coronavirus.bg/bg/news/3589,09-09-2022,550,6,0,0,0,0,0,0,0,0,0,0,0,1,0,0,0,3,1,1,0,0
https://coronavirus.bg/bg/news/3592,12-09-2022,165,0,0,0,0,0,0,0,0,0,0,0,0,0,0,0,0,0,0,0,0,0
https://coronavirus.bg/bg/news/3591,10-09-2022,563,7,0,0,0,0,0,0,0,0,0,0,0,0,0,0,0,1,3,1,1,1
https://coronavirus.bg/bg/news/3594,13-09-2022,852,9,0,0,0,0,0,0,0,0,0,0,0,0,0,2,1,1,3,2,0,0
https://coronavirus.bg/bg/news/3595,14-09-2022,654,3,0,0,0,0,0,0,0,0,0,0,0,0,0,1,1,0,0,0,0,0
https://coronavirus.bg/bg/news/3596,15-09-2022,544,5,0,0,0,0,0,0,0,0,0,0,1,0,0,1,2,1,0,0,0,0
https://coronavirus.bg/bg/news/3597,16-09-2022,377,4,0,0,0,0,0,0,0,0,0,1,0,0,1,1,0,0,0,1,0,0
https://coronavirus.bg/bg/news/3598,17-09-2022,704,8,0,0,0,0,0,0,0,0,0,0,0,0,0,0,0,3,4,1,0,0
https://coronavirus.bg/bg/news/3600,19-09-2022,140,0,0,0,0,0,0,0,0,0,0,0,0,0,0,0,0,0,0,0,0,0
https://coronavirus.bg/bg/news/3599,18-09-2022,198,1,0,0,0,0,0,0,0,0,0,0,0,0,0,0,0,1,0,0,0,0
https://coronavirus.bg/bg/news/3601,20-09-2022,946,6,0,0,0,0,0,0,0,0,0,0,1,1,1,0,0,0,3,0,0,0
https://coronavirus.bg/bg/news/3602,21-09-2022,618,6,0,0,0,0,0,0,0,0,0,0,0,0,0,0,0,0,2,2,2,0
https://coronavirus.bg/bg/news/3603,22-09-2022,539,6,0,0,0,0,0,0,0,0,0,0,0,0,1,1,0,0,2,0,2,0
https://coronavirus.bg/bg/news/3604,23-09-2022,162,0,0,0,0,0,0,0,0,0,0,0,0,0,0,0,0,0,0,0,0,0
https://coronavirus.bg/bg/news/3605,24-09-2022,748,3,0,0,0,0,0,0,0,0,0,0,0,0,1,0,0,0,0,2,0,0
https://coronavirus.bg/bg/news/3608,27-09-2022,1127,6,0,0,0,0,0,0,0,0,0,0,0,1,0,0,2,1,2,0,0,0
https://coronavirus.bg/bg/news/3606,25-09-2022,269,0,0,0,0,0,0,0,0,0,0,0,0,0,0,0,0,0,0,0,0,0
https://coronavirus.bg/bg/news/3607,26-09-2022,188,1,0,0,0,0,0,0,0,0,0,0,0,0,0,0,1,0,0,0,0,0
https://coronavirus.bg/bg/news/3610,28-09-2022,883,4,0,0,0,0,0,0,0,0,0,0,0,0,0,1,1,1,1,0,0,0
https://coronavirus.bg/bg/news/3611,29-09-2022,769,3,0,0,0,0,0,0,0,0,0,0,0,0,0,1,2,0,0,0,0,0
https://coronavirus.bg/bg/news/3613,30-09-2022,752,3,0,0,0,0,0,0,0,0,0,0,0,0,0,0,1,1,1,0,0,0
https://coronavirus.bg/bg/news/3614,01-10-2022,801,4,0,0,0,0,0,0,0,0,0,0,0,0,0,0,1,1,1,1,0,0
https://coronavirus.bg/bg/news/3615,02-10-2022,298,0,0,0,0,0,0,0,0,0,0,0,0,0,0,0,0,0,0,0,0,0
https://coronavirus.bg/bg/news/3616,03-10-2022,179,0,0,0,0,0,0,0,0,0,0,0,0,0,0,0,0,0,0,0,0,0
https://coronavirus.bg/bg/news/3618,05-10-2022,937,6,0,0,0,0,0,0,0,0,0,0,0,0,0,0,2,1,2,1,0,0
https://coronavirus.bg/bg/news/3617,04-10-2022,1339,9,0,0,0,0,0,0,0,0,0,0,0,0,1,0,3,3,0,2,0,0
https://coronavirus.bg/bg/news/3619,06-10-2022,721,4,0,0,0,0,0,0,0,0,0,0,0,0,1,0,0,1,0,2,0,0
https://coronavirus.bg/bg/news/3620,07-10-2022,685,4,0,0,0,0,0,0,0,0,0,0,0,0,0,0,0,2,0,1,1,0
https://coronavirus.bg/bg/news/3622,08-10-2022,697,4,0,0,0,0,0,0,0,0,0,0,0,0,0,0,0,0,0,4,0,0
https://coronavirus.bg/bg/news/3623,09-10-2022,288,1,0,0,0,0,0,0,0,0,0,0,0,0,0,0,0,0,1,0,0,0
https://coronavirus.bg/bg/news/3624,10-10-2022,212,1,0,0,0,0,0,0,0,0,0,0,0,0,1,0,0,0,0,0,0,0
https://coronavirus.bg/bg/news/3627,12-10-2022,909,0,0,0,0,0,0,0,0,0,0,0,0,0,0,0,0,0,0,0,0,0
https://coronavirus.bg/bg/news/3628,13-10-2022,885,0,0,0,0,0,0,0,0,0,0,0,0,0,0,0,0,0,0,0,0,0
https://coronavirus.bg/bg/news/3630,15-10-2022,783,0,0,0,0,0,0,0,0,0,0,0,0,0,0,0,0,0,0,0,0,0
https://coronavirus.bg/bg/news/3631,16-10-2022,195,0,0,0,0,0,0,0,0,0,0,0,0,0,0,0,0,0,0,0,0,0
https://coronavirus.bg/bg/news/3632,17-10-2022,289,0,0,0,0,0,0,0,0,0,0,0,0,0,0,0,0,0,0,0,0,0
https://coronavirus.bg/bg/news/3633,18-10-2022,1147,0,0,0,0,0,0,0,0,0,0,0,0,0,0,0,0,0,0,0,0,0
https://coronavirus.bg/bg/news/3635,20-10-2022,630,0,0,0,0,0,0,0,0,0,0,0,0,0,0,0,0,0,0,0,0,0
https://coronavirus.bg/bg/news/3634,19-10-2022,787,0,0,0,0,0,0,0,0,0,0,0,0,0,0,0,0,0,0,0,0,0
https://coronavirus.bg/bg/news/3637,21-10-2022,586,0,0,0,0,0,0,0,0,0,0,0,0,0,0,0,0,0,0,0,0,0
https://coronavirus.bg/bg/news/3639,22-10-2022,718,0,0,0,0,0,0,0,0,0,0,0,0,0,0,0,0,0,0,0,0,0
https://coronavirus.bg/bg/news/3641,24-10-2022,167,0,0,0,0,0,0,0,0,0,0,0,0,0,0,0,0,0,0,0,0,0
https://coronavirus.bg/bg/news/3640,23-10-2022,220,0,0,0,0,0,0,0,0,0,0,0,0,0,0,0,0,0,0,0,0,0
https://coronavirus.bg/bg/news/3643,25-10-2022,1145,0,0,0,0,0,0,0,0,0,0,0,0,0,0,0,0,0,0,0,0,0
https://coronavirus.bg/bg/news/3647,27-10-2022,619,0,0,0,0,0,0,0,0,0,0,0,0,0,0,0,0,0,0,0,0,0
https://coronavirus.bg/bg/news/3648,28-10-2022,577,0,0,0,0,0,0,0,0,0,0,0,0,0,0,0,0,0,0,0,0,0
https://coronavirus.bg/bg/news/3649,29-10-2022,593,0,0,0,0,0,0,0,0,0,0,0,0,0,0,0,0,0,0,0,0,0
https://coronavirus.bg/bg/news/3650,30-10-2022,180,0,0,0,0,0,0,0,0,0,0,0,0,0,0,0,0,0,0,0,0,0
https://coronavirus.bg/bg/news/3651,31-10-2022,121,0,0,0,0,0,0,0,0,0,0,0,0,0,0,0,0,0,0,0,0,0
https://coronavirus.bg/bg/news/3654,02-11-2022,513,0,0,0,0,0,0,0,0,0,0,0,0,0,0,0,0,0,0,0,0,0
https://coronavirus.bg/bg/news/3653,01-11-2022,846,0,0,0,0,0,0,0,0,0,0,0,0,0,0,0,0,0,0,0,0,0
https://coronavirus.bg/bg/news/3656,03-11-2022,409,0,0,0,0,0,0,0,0,0,0,0,0,0,0,0,0,0,0,0,0,0
https://coronavirus.bg/bg/news/3657,04-11-2022,580,0,0,0,0,0,0,0,0,0,0,0,0,0,0,0,0,0,0,0,0,0
https://coronavirus.bg/bg/news/3658,05-11-2022,424,0,0,0,0,0,0,0,0,0,0,0,0,0,0,0,0,0,0,0,0,0
https://coronavirus.bg/bg/news/3659,06-11-2022,147,0,0,0,0,0,0,0,0,0,0,0,0,0,0,0,0,0,0,0,0,0
https://coronavirus.bg/bg/news/3660,07-11-2022,97,0,0,0,0,0,0,0,0,0,0,0,0,0,0,0,0,0,0,0,0,0
https://coronavirus.bg/bg/news/3661,08-11-2022,672,0,0,0,0,0,0,0,0,0,0,0,0,0,0,0,0,0,0,0,0,0
https://coronavirus.bg/bg/news/3662,09-11-2022,360,0,0,0,0,0,0,0,0,0,0,0,0,0,0,0,0,0,0,0,0,0
https://coronavirus.bg/bg/news/3663,10-11-2022,467,0,0,0,0,0,0,0,0,0,0,0,0,0,0,0,0,0,0,0,0,0
https://coronavirus.bg/bg/news/3664,11-11-2022,305,0,0,0,0,0,0,0,0,0,0,0,0,0,0,0,0,0,0,0,0,0
https://coronavirus.bg/bg/news/3665,12-11-2022,308,0,0,0,0,0,0,0,0,0,0,0,0,0,0,0,0,0,0,0,0,0
https://coronavirus.bg/bg/news/3666,13-11-2022,131,0,0,0,0,0,0,0,0,0,0,0,0,0,0,0,0,0,0,0,0,0
https://coronavirus.bg/bg/news/3667,14-11-2022,77,0,0,0,0,0,0,0,0,0,0,0,0,0,0,0,0,0,0,0,0,0
https://coronavirus.bg/bg/news/3668,15-11-2022,479,0,0,0,0,0,0,0,0,0,0,0,0,0,0,0,0,0,0,0,0,0
https://coronavirus.bg/bg/news/3669,16-11-2022,305,0,0,0,0,0,0,0,0,0,0,0,0,0,0,0,0,0,0,0,0,0
https://coronavirus.bg/bg/news/3671,17-11-2022,262,0,0,0,0,0,0,0,0,0,0,0,0,0,0,0,0,0,0,0,0,0
https://coronavirus.bg/bg/news/3674,20-11-2022,84,0,0,0,0,0,0,0,0,0,0,0,0,0,0,0,0,0,0,0,0,0
https://coronavirus.bg/bg/news/3673,19-11-2022,275,0,0,0,0,0,0,0,0,0,0,0,0,0,0,0,0,0,0,0,0,0
https://coronavirus.bg/bg/news/3672,18-11-2022,220,0,0,0,0,0,0,0,0,0,0,0,0,0,0,0,0,0,0,0,0,0
https://coronavirus.bg/bg/news/3675,21-11-2022,51,0,0,0,0,0,0,0,0,0,0,0,0,0,0,0,0,0,0,0,0,0
https://coronavirus.bg/bg/news/3676,22-11-2022,397,0,0,0,0,0,0,0,0,0,0,0,0,0,0,0,0,0,0,0,0,0
https://coronavirus.bg/bg/news/3677,23-11-2022,210,0,0,0,0,0,0,0,0,0,0,0,0,0,0,0,0,0,0,0,0,0
https://coronavirus.bg/bg/news/3678,24-11-2022,252,0,0,0,0,0,0,0,0,0,0,0,0,0,0,0,0,0,0,0,0,0
https://coronavirus.bg/bg/news/3680,25-11-2022,198,0,0,0,0,0,0,0,0,0,0,0,0,0,0,0,0,0,0,0,0,0
https://coronavirus.bg/bg/news/3682,27-11-2022,50,0,0,0,0,0,0,0,0,0,0,0,0,0,0,0,0,0,0,0,0,0
https://coronavirus.bg/bg/news/3681,26-11-2022,183,0,0,0,0,0,0,0,0,0,0,0,0,0,0,0,0,0,0,0,0,0
https://coronavirus.bg/bg/news/3683,28-11-2022,46,0,0,0,0,0,0,0,0,0,0,0,0,0,0,0,0,0,0,0,0,0
https://coronavirus.bg/bg/news/3684,29-11-2022,288,0,0,0,0,0,0,0,0,0,0,0,0,0,0,0,0,0,0,0,0,0
https://coronavirus.bg/bg/news/3685,30-11-2022,163,0,0,0,0,0,0,0,0,0,0,0,0,0,0,0,0,0,0,0,0,0
https://coronavirus.bg/bg/news/3686,01-12-2022,221,0,0,0,0,0,0,0,0,0,0,0,0,0,0,0,0,0,0,0,0,0
https://coronavirus.bg/bg/news/3687,02-12-2022,153,0,0,0,0,0,0,0,0,0,0,0,0,0,0,0,0,0,0,0,0,0
https://coronavirus.bg/bg/news/3689,03-12-2022,185,0,0,0,0,0,0,0,0,0,0,0,0,0,0,0,0,0,0,0,0,0
https://coronavirus.bg/bg/news/3690,04-12-2022,58,0,0,0,0,0,0,0,0,0,0,0,0,0,0,0,0,0,0,0,0,0
https://coronavirus.bg/bg/news/3691,05-12-2022,41,0,0,0,0,0,0,0,0,0,0,0,0,0,0,0,0,0,0,0,0,0
https://coronavirus.bg/bg/news/3692,06-12-2022,295,0,0,0,0,0,0,0,0,0,0,0,0,0,0,0,0,0,0,0,0,0
https://coronavirus.bg/bg/news/3693,07-12-2022,208,0,0,0,0,0,0,0,0,0,0,0,0,0,0,0,0,0,0,0,0,0
https://coronavirus.bg/bg/news/3695,09-12-2022,186,0,0,0,0,0,0,0,0,0,0,0,0,0,0,0,0,0,0,0,0,0
https://coronavirus.bg/bg/news/3694,08-12-2022,204,0,0,0,0,0,0,0,0,0,0,0,0,0,0,0,0,0,0,0,0,0
https://coronavirus.bg/bg/news/3697,10-12-2022,199,0,0,0,0,0,0,0,0,0,0,0,0,0,0,0,0,0,0,0,0,0
https://coronavirus.bg/bg/news/3698,11-12-2022,68,0,0,0,0,0,0,0,0,0,0,0,0,0,0,0,0,0,0,0,0,0
https://coronavirus.bg/bg/news/3699,12-12-2022,59,0,0,0,0,0,0,0,0,0,0,0,0,0,0,0,0,0,0,0,0,0
https://coronavirus.bg/bg/news/3700,13-12-2022,343,0,0,0,0,0,0,0,0,0,0,0,0,0,0,0,0,0,0,0,0,0
https://coronavirus.bg/bg/news/3703,14-12-2022,219,0,0,0,0,0,0,0,0,0,0,0,0,0,0,0,0,0,0,0,0,0
https://coronavirus.bg/bg/news/3704,15-12-2022,211,0,0,0,0,0,0,0,0,0,0,0,0,0,0,0,0,0,0,0,0,0
https://coronavirus.bg/bg/news/3705,16-12-2022,184,0,0,0,0,0,0,0,0,0,0,0,0,0,0,0,0,0,0,0,0,0
https://coronavirus.bg/bg/news/3706,17-12-2022,215,0,0,0,0,0,0,0,0,0,0,0,0,0,0,0,0,0,0,0,0,0
https://coronavirus.bg/bg/news/3707,19-12-2022,56,0,0,0,0,0,0,0,0,0,0,0,0,0,0,0,0,0,0,0,0,0
https://coronavirus.bg/bg/news/3708,20-12-2022,284,0,0,0,0,0,0,0,0,0,0,0,0,0,0,0,0,0,0,0,0,0
https://coronavirus.bg/bg/news/3709,21-12-2022,169,0,0,0,0,0,0,0,0,0,0,0,0,0,0,0,0,0,0,0,0,0
https://coronavirus.bg/bg/news/3710,22-12-2022,181,0,0,0,0,0,0,0,0,0,0,0,0,0,0,0,0,0,0,0,0,0
https://coronavirus.bg/bg/news/3711,23-12-2022,147,0,0,0,0,0,0,0,0,0,0,0,0,0,0,0,0,0,0,0,0,0
https://coronavirus.bg/bg/news/3712,24-12-2022,180,0,0,0,0,0,0,0,0,0,0,0,0,0,0,0,0,0,0,0,0,0
https://coronavirus.bg/bg/news/3713,25-12-2022,80,0,0,0,0,0,0,0,0,0,0,0,0,0,0,0,0,0,0,0,0,0
https://coronavirus.bg/bg/news/3714,26-12-2022,61,0,0,0,0,0,0,0,0,0,0,0,0,0,0,0,0,0,0,0,0,0
https://coronavirus.bg/bg/news/3715,27-12-2022,89,0,0,0,0,0,0,0,0,0,0,0,0,0,0,0,0,0,0,0,0,0
https://coronavirus.bg/bg/news/3716,28-12-2022,98,0,0,0,0,0,0,0,0,0,0,0,0,0,0,0,0,0,0,0,0,0
https://coronavirus.bg/bg/news/3717,29-12-2022,73,0,0,0,0,0,0,0,0,0,0,0,0,0,0,0,0,0,0,0,0,0
https://coronavirus.bg/bg/news/3718,30-12-2022,286,0,0,0,0,0,0,0,0,0,0,0,0,0,0,0,0,0,0,0,0,0
https://coronavirus.bg/bg/news/3720,01-01-2023,71,0,0,0,0,0,0,0,0,0,0,0,0,0,0,0,0,0,0,0,0,0
https://coronavirus.bg/bg/news/3719,31-12-2022,199,0,0,0,0,0,0,0,0,0,0,0,0,0,0,0,0,0,0,0,0,0
https://coronavirus.bg/bg/news/3721,02-01-2023,46,0,0,0,0,0,0,0,0,0,0,0,0,0,0,0,0,0,0,0,0,0
https://coronavirus.bg/bg/news/3722,03-01-2023,74,0,0,0,0,0,0,0,0,0,0,0,0,0,0,0,0,0,0,0,0,0
https://coronavirus.bg/bg/news/3723,04-01-2023,301,0,0,0,0,0,0,0,0,0,0,0,0,0,0,0,0,0,0,0,0,0
https://coronavirus.bg/bg/news/3724,05-01-2023,253,0,0,0,0,0,0,0,0,0,0,0,0,0,0,0,0,0,0,0,0,0
https://coronavirus.bg/bg/news/3725,06-01-2023,191,0,0,0,0,0,0,0,0,0,0,0,0,0,0,0,0,0,0,0,0,0
https://coronavirus.bg/bg/news/3726,07-01-2023,173,0,0,0,0,0,0,0,0,0,0,0,0,0,0,0,0,0,0,0,0,0
https://coronavirus.bg/bg/news/3727,08-01-2023,74,0,0,0,0,0,0,0,0,0,0,0,0,0,0,0,0,0,0,0,0,0
https://coronavirus.bg/bg/news/3728,09-01-2023,45,0,0,0,0,0,0,0,0,0,0,0,0,0,0,0,0,0,0,0,0,0
https://coronavirus.bg/bg/news/3730,11-01-2023,193,0,0,0,0,0,0,0,0,0,0,0,0,0,0,0,0,0,0,0,0,0
https://coronavirus.bg/bg/news/3729,10-01-2023,230,0,0,0,0,0,0,0,0,0,0,0,0,0,0,0,0,0,0,0,0,0
https://coronavirus.bg/bg/news/3732,12-01-2023,128,0,0,0,0,0,0,0,0,0,0,0,0,0,0,0,0,0,0,0,0,0
https://coronavirus.bg/bg/news/3734,14-01-2023,121,0,0,0,0,0,0,0,0,0,0,0,0,0,0,0,0,0,0,0,0,0
https://coronavirus.bg/bg/news/3733,13-01-2023,137,0,0,0,0,0,0,0,0,0,0,0,0,0,0,0,0,0,0,0,0,0
https://coronavirus.bg/bg/news/3736,17-01-2023,166,0,0,0,0,0,0,0,0,0,0,0,0,0,0,0,0,0,0,0,0,0
https://coronavirus.bg/bg/news/3735,15-01-2023,46,0,0,0,0,0,0,0,0,0,0,0,0,0,0,0,0,0,0,0,0,0
https://coronavirus.bg/bg/news/3738,18-01-2023,157,0,0,0,0,0,0,0,0,0,0,0,0,0,0,0,0,0,0,0,0,0
https://coronavirus.bg/bg/news/3740,19-01-2023,129,0,0,0,0,0,0,0,0,0,0,0,0,0,0,0,0,0,0,0,0,0
https://coronavirus.bg/bg/news/3741,20-01-2023,93,0,0,0,0,0,0,0,0,0,0,0,0,0,0,0,0,0,0,0,0,0
https://coronavirus.bg/bg/news/3743,21-01-2023,121,0,0,0,0,0,0,0,0,0,0,0,0,0,0,0,0,0,0,0,0,0
https://coronavirus.bg/bg/news/3744,22-01-2023,30,0,0,0,0,0,0,0,0,0,0,0,0,0,0,0,0,0,0,0,0,0
https://coronavirus.bg/bg/news/3745,23-01-2023,23,0,0,0,0,0,0,0,0,0,0,0,0,0,0,0,0,0,0,0,0,0
https://coronavirus.bg/bg/news/3746,24-01-2023,116,0,0,0,0,0,0,0,0,0,0,0,0,0,0,0,0,0,0,0,0,0
https://coronavirus.bg/bg/news/3748,25-01-2023,95,0,0,0,0,0,0,0,0,0,0,0,0,0,0,0,0,0,0,0,0,0
https://coronavirus.bg/bg/news/3749,26-01-2023,53,0,0,0,0,0,0,0,0,0,0,0,0,0,0,0,0,0,0,0,0,0
https://coronavirus.bg/bg/news/3750,27-01-2023,47,0,0,0,0,0,0,0,0,0,0,0,0,0,0,0,0,0,0,0,0,0
https://coronavirus.bg/bg/news/3751,28-01-2023,60,0,0,0,0,0,0,0,0,0,0,0,0,0,0,0,0,0,0,0,0,0
https://coronavirus.bg/bg/news/3752,29-01-2023,13,0,0,0,0,0,0,0,0,0,0,0,0,0,0,0,0,0,0,0,0,0
https://coronavirus.bg/bg/news/3753,30-01-2023,20,0,0,0,0,0,0,0,0,0,0,0,0,0,0,0,0,0,0,0,0,0
https://coronavirus.bg/bg/news/3754,31-01-2023,91,0,0,0,0,0,0,0,0,0,0,0,0,0,0,0,0,0,0,0,0,0
https://coronavirus.bg/bg/news/3755,01-02-2023,60,0,0,0,0,0,0,0,0,0,0,0,0,0,0,0,0,0,0,0,0,0
https://coronavirus.bg/bg/news/3756,02-02-2023,60,0,0,0,0,0,0,0,0,0,0,0,0,0,0,0,0,0,0,0,0,0
https://coronavirus.bg/bg/news/3757,03-02-2023,38,0,0,0,0,0,0,0,0,0,0,0,0,0,0,0,0,0,0,0,0,0
https://coronavirus.bg/bg/news/3758,04-02-2023,39,0,0,0,0,0,0,0,0,0,0,0,0,0,0,0,0,0,0,0,0,0
https://coronavirus.bg/bg/news/3759,05-02-2023,22,0,0,0,0,0,0,0,0,0,0,0,0,0,0,0,0,0,0,0,0,0
https://coronavirus.bg/bg/news/3760,06-02-2023,12,0,0,0,0,0,0,0,0,0,0,0,0,0,0,0,0,0,0,0,0,0
https://coronavirus.bg/bg/news/3761,07-02-2023,57,0,0,0,0,0,0,0,0,0,0,0,0,0,0,0,0,0,0,0,0,0
https://coronavirus.bg/bg/news/3762,08-02-2023,47,0,0,0,0,0,0,0,0,0,0,0,0,0,0,0,0,0,0,0,0,0
https://coronavirus.bg/bg/news/3763,09-02-2023,47,0,0,0,0,0,0,0,0,0,0,0,0,0,0,0,0,0,0,0,0,0
https://coronavirus.bg/bg/news/3764,10-02-2023,41,0,0,0,0,0,0,0,0,0,0,0,0,0,0,0,0,0,0,0,0,0
https://coronavirus.bg/bg/news/3765,11-02-2023,40,0,0,0,0,0,0,0,0,0,0,0,0,0,0,0,0,0,0,0,0,0
https://coronavirus.bg/bg/news/3766,12-02-2023,25,0,0,0,0,0,0,0,0,0,0,0,0,0,0,0,0,0,0,0,0,0
https://coronavirus.bg/bg/news/3767,13-02-2023,16,0,0,0,0,0,0,0,0,0,0,0,0,0,0,0,0,0,0,0,0,0
https://coronavirus.bg/bg/news/3768,14-02-2023,88,0,0,0,0,0,0,0,0,0,0,0,0,0,0,0,0,0,0,0,0,0
https://coronavirus.bg/bg/news/3769,15-02-2023,51,0,0,0,0,0,0,0,0,0,0,0,0,0,0,0,0,0,0,0,0,0
https://coronavirus.bg/bg/news/3770,16-02-2023,62,0,0,0,0,0,0,0,0,0,0,0,0,0,0,0,0,0,0,0,0,0
https://coronavirus.bg/bg/news/3771,17-02-2023,48,0,0,0,0,0,0,0,0,0,0,0,0,0,0,0,0,0,0,0,0,0
https://coronavirus.bg/bg/news/3772,18-02-2023,45,0,0,0,0,0,0,0,0,0,0,0,0,0,0,0,0,0,0,0,0,0
https://coronavirus.bg/bg/news/3773,19-02-2023,25,0,0,0,0,0,0,0,0,0,0,0,0,0,0,0,0,0,0,0,0,0
https://coronavirus.bg/bg/news/3774,20-02-2023,11,0,0,0,0,0,0,0,0,0,0,0,0,0,0,0,0,0,0,0,0,0
https://coronavirus.bg/bg/news/3776,21-02-2023,99,0,0,0,0,0,0,0,0,0,0,0,0,0,0,0,0,0,0,0,0,0
https://coronavirus.bg/bg/news/3777,22-02-2023,81,0,0,0,0,0,0,0,0,0,0,0,0,0,0,0,0,0,0,0,0,0
https://coronavirus.bg/bg/news/3778,23-02-2023,70,0,0,0,0,0,0,0,0,0,0,0,0,0,0,0,0,0,0,0,0,0
https://coronavirus.bg/bg/news/3779,24-02-2023,83,0,0,0,0,0,0,0,0,0,0,0,0,0,0,0,0,0,0,0,0,0
https://coronavirus.bg/bg/news/3780,25-02-2023,81,0,0,0,0,0,0,0,0,0,0,0,0,0,0,0,0,0,0,0,0,0
https://coronavirus.bg/bg/news/3781,26-02-2023,28,0,0,0,0,0,0,0,0,0,0,0,0,0,0,0,0,0,0,0,0,0
https://coronavirus.bg/bg/news/3782,27-02-2023,26,0,0,0,0,0,0,0,0,0,0,0,0,0,0,0,0,0,0,0,0,0
https://coronavirus.bg/bg/news/3783,28-02-2023,105,0,0,0,0,0,0,0,0,0,0,0,0,0,0,0,0,0,0,0,0,0
https://coronavirus.bg/bg/news/3784,01-03-2023,80,0,0,0,0,0,0,0,0,0,0,0,0,0,0,0,0,0,0,0,0,0
https://coronavirus.bg/bg/news/3785,02-03-2023,60,0,0,0,0,0,0,0,0,0,0,0,0,0,0,0,0,0,0,0,0,0
https://coronavirus.bg/bg/news/3786,03-03-2023,68,0,0,0,0,0,0,0,0,0,0,0,0,0,0,0,0,0,0,0,0,0
https://coronavirus.bg/bg/news/3787,04-03-2023,25,0,0,0,0,0,0,0,0,0,0,0,0,0,0,0,0,0,0,0,0,0
https://coronavirus.bg/bg/news/3788,05-03-2023,31,0,0,0,0,0,0,0,0,0,0,0,0,0,0,0,0,0,0,0,0,0
https://coronavirus.bg/bg/news/3789,06-03-2023,25,0,0,0,0,0,0,0,0,0,0,0,0,0,0,0,0,0,0,0,0,0
https://coronavirus.bg/bg/news/3790,07-03-2023,181,0,0,0,0,0,0,0,0,0,0,0,0,0,0,0,0,0,0,0,0,0
https://coronavirus.bg/bg/news/3791,08-03-2023,115,0,0,0,0,0,0,0,0,0,0,0,0,0,0,0,0,0,0,0,0,0
https://coronavirus.bg/bg/news/3792,09-03-2023,93,0,0,0,0,0,0,0,0,0,0,0,0,0,0,0,0,0,0,0,0,0
https://coronavirus.bg/bg/news/3793,10-03-2023,72,0,0,0,0,0,0,0,0,0,0,0,0,0,0,0,0,0,0,0,0,0
https://coronavirus.bg/bg/news/3794,11-03-2023,107,0,0,0,0,0,0,0,0,0,0,0,0,0,0,0,0,0,0,0,0,0
https://coronavirus.bg/bg/news/3795,12-03-2023,34,0,0,0,0,0,0,0,0,0,0,0,0,0,0,0,0,0,0,0,0,0
https://coronavirus.bg/bg/news/3796,13-03-2023,33,0,0,0,0,0,0,0,0,0,0,0,0,0,0,0,0,0,0,0,0,0
https://coronavirus.bg/bg/news/3797,14-03-2023,167,0,0,0,0,0,0,0,0,0,0,0,0,0,0,0,0,0,0,0,0,0
https://coronavirus.bg/bg/news/3798,15-03-2023,149,0,0,0,0,0,0,0,0,0,0,0,0,0,0,0,0,0,0,0,0,0
https://coronavirus.bg/bg/news/3799,16-03-2023,112,0,0,0,0,0,0,0,0,0,0,0,0,0,0,0,0,0,0,0,0,0
https://coronavirus.bg/bg/news/3800,17-03-2023,113,0,0,0,0,0,0,0,0,0,0,0,0,0,0,0,0,0,0,0,0,0
https://coronavirus.bg/bg/news/3801,18-03-2023,79,0,0,0,0,0,0,0,0,0,0,0,0,0,0,0,0,0,0,0,0,0
https://coronavirus.bg/bg/news/3802,19-03-2023,60,0,0,0,0,0,0,0,0,0,0,0,0,0,0,0,0,0,0,0,0,0
https://coronavirus.bg/bg/news/3803,20-03-2023,31,0,0,0,0,0,0,0,0,0,0,0,0,0,0,0,0,0,0,0,0,0
https://coronavirus.bg/bg/news/3804,21-03-2023,200,0,0,0,0,0,0,0,0,0,0,0,0,0,0,0,0,0,0,0,0,0
https://coronavirus.bg/bg/news/3805,22-03-2023,166,0,0,0,0,0,0,0,0,0,0,0,0,0,0,0,0,0,0,0,0,0
https://coronavirus.bg/bg/news/3806,23-03-2023,150,0,0,0,0,0,0,0,0,0,0,0,0,0,0,0,0,0,0,0,0,0
https://coronavirus.bg/bg/news/3807,24-03-2023,133,0,0,0,0,0,0,0,0,0,0,0,0,0,0,0,0,0,0,0,0,0
https://coronavirus.bg/bg/news/3808,25-03-2023,148,0,0,0,0,0,0,0,0,0,0,0,0,0,0,0,0,0,0,0,0,0
https://coronavirus.bg/bg/news/3809,26-03-2023,57,0,0,0,0,0,0,0,0,0,0,0,0,0,0,0,0,0,0,0,0,0
https://coronavirus.bg/bg/news/3810,27-03-2023,40,0,0,0,0,0,0,0,0,0,0,0,0,0,0,0,0,0,0,0,0,0
https://coronavirus.bg/bg/news/3811,28-03-2023,255,0,0,0,0,0,0,0,0,0,0,0,0,0,0,0,0,0,0,0,0,0
https://coronavirus.bg/bg/news/3812,29-03-2023,145,0,0,0,0,0,0,0,0,0,0,0,0,0,0,0,0,0,0,0,0,0
https://coronavirus.bg/bg/news/3813,30-03-2023,133,0,0,0,0,0,0,0,0,0,0,0,0,0,0,0,0,0,0,0,0,0
https://coronavirus.bg/bg/news/3814,31-03-2023,135,0,0,0,0,0,0,0,0,0,0,0,0,0,0,0,0,0,0,0,0,0
https://coronavirus.bg/bg/news/3815,01-04-2023,139,0,0,0,0,0,0,0,0,0,0,0,0,0,0,0,0,0,0,0,0,0
https://coronavirus.bg/bg/news/3816,02-04-2023,59,0,0,0,0,0,0,0,0,0,0,0,0,0,0,0,0,0,0,0,0,0
https://coronavirus.bg/bg/news/3817,03-04-2023,52,0,0,0,0,0,0,0,0,0,0,0,0,0,0,0,0,0,0,0,0,0
https://coronavirus.bg/bg/news/3818,04-04-2023,270,0,0,0,0,0,0,0,0,0,0,0,0,0,0,0,0,0,0,0,0,0
https://coronavirus.bg/bg/news/3819,05-04-2023,131,0,0,0,0,0,0,0,0,0,0,0,0,0,0,0,0,0,0,0,0,0
https://coronavirus.bg/bg/news/3820,06-04-2023,210,0,0,0,0,0,0,0,0,0,0,0,0,0,0,0,0,0,0,0,0,0
https://coronavirus.bg/bg/news/3821,07-04-2023,142,0,0,0,0,0,0,0,0,0,0,0,0,0,0,0,0,0,0,0,0,0
https://coronavirus.bg/bg/news/3822,08-04-2023,164,0,0,0,0,0,0,0,0,0,0,0,0,0,0,0,0,0,0,0,0,0
https://coronavirus.bg/bg/news/3823,09-04-2023,46,0,0,0,0,0,0,0,0,0,0,0,0,0,0,0,0,0,0,0,0,0
https://coronavirus.bg/bg/news/3824,10-04-2023,44,0,0,0,0,0,0,0,0,0,0,0,0,0,0,0,0,0,0,0,0,0
https://coronavirus.bg/bg/news/3825,11-04-2023,248,0,0,0,0,0,0,0,0,0,0,0,0,0,0,0,0,0,0,0,0,0
https://coronavirus.bg/bg/news/3826,12-04-2023,192,0,0,0,0,0,0,0,0,0,0,0,0,0,0,0,0,0,0,0,0,0
https://coronavirus.bg/bg/news/3827,13-04-2023,179,0,0,0,0,0,0,0,0,0,0,0,0,0,0,0,0,0,0,0,0,0
